Date,Close,High,Low,Open,Volume
2018-01-02,40.23238754272461,40.24173178593631,39.53171898080042,39.741921687648436,102223600
2018-01-03,40.22536849975586,40.767220394628254,40.162310914925996,40.29543604668363,118071600
2018-01-04,40.4122200012207,40.51498527654076,40.19034237338912,40.29777620574446,89738400
2018-01-05,40.872314453125,40.95872906327247,40.41688080483249,40.507967534490994,94640000
2018-01-08,40.72051239013672,41.0147918288002,40.622415680131866,40.72051239013672,82271200
2018-01-09,40.71585464477539,40.886349680750854,40.50098335855503,40.76723729623949,86336000
2018-01-10,40.706504821777344,40.708842664386644,40.40521891928828,40.442588763192425,95839600
2018-01-11,40.937721252441406,40.98676961148585,40.753213463964485,40.77656694044623,74670800
2018-01-12,41.360450744628906,41.423511892310295,41.024129375372745,41.14791382880961,101672400
2018-01-16,41.15024948120117,41.897628282123996,41.13857096354328,41.549628413105026,118263600
2018-01-17,41.82989501953125,41.86492700573836,40.88866430974894,41.140901738006,137547200
2018-01-18,41.867279052734375,42.063468950109275,41.63138859666378,41.8929703747844,124773600
2018-01-19,41.6804313659668,41.942013108967615,41.435196700011545,41.7154633623387,129700400
2018-01-22,41.33942794799805,41.52160141317471,41.24600693747062,41.40949548778517,108434400
2018-01-23,41.348785400390625,41.90932238233677,41.297406318402174,41.40951228927758,130756400
2018-01-24,40.69015121459961,41.40950455731997,40.45192295265972,41.39782603750043,204420400
2018-01-25,39.963783264160156,40.8606378070579,39.82832030240219,40.75787255580819,166116000
2018-01-26,40.05720901489258,40.171652797102226,39.71855335232489,40.171652797102226,156572000
2018-01-29,39.228092193603516,39.74191500654441,39.02022736439535,39.74191500654441,202561600
2018-01-30,38.99687194824219,39.09029298583721,38.466698472240886,38.66055051084549,184192800
2018-01-31,39.10429763793945,39.34019158896355,38.8870921670817,38.973506787042304,129915600
2018-02-01,39.18604278564453,39.38222905740429,38.947814562060074,39.043573419865425,188923200
2018-02-02,37.48576354980469,38.95716806545105,37.39234251164283,38.77032242534317,346375200
2018-02-05,36.5491943359375,38.275173723461506,36.43475056721955,37.15877588220961,290954000
2018-02-06,38.07665252685547,38.237806813801605,35.96764112765475,36.16149312762015,272975200
2018-02-07,37.261539459228516,38.16306616794101,37.151771368454334,38.09066434552719,206434400
2018-02-08,36.23622131347656,37.6025256911204,36.20819572666382,37.43669932031879,217562000
2018-02-09,36.679447174072266,37.02651848559396,35.232531269697944,36.834223524000194,282690400
2018-02-12,38.1568603515625,38.43357852431035,36.93741390436866,37.16957849038807,243278000
2018-02-13,38.53910446166992,38.63525375165295,37.90827637720075,37.97862960348866,130196800
2018-02-14,39.249664306640625,39.28953029970094,38.19672402713639,38.23424264640194,162579600
2018-02-15,40.5676155090332,40.59106420557337,39.631925564032265,39.81718565345298,204588800
2018-02-16,40.436283111572266,40.9967616423969,40.28151028166677,40.41986938372041,160704400
2018-02-20,40.30026626586914,40.865428738385795,40.19942580241765,40.347167225893934,135722000
2018-02-21,40.11735534667969,40.83260313328711,40.10328183632004,40.53008885937035,149886400
2018-02-22,40.45269775390625,40.792734207769016,40.2674376980712,40.28854259462568,123967600
2018-02-23,41.156227111816406,41.191401942979354,40.69658904083861,40.72707628005614,135249600
2018-02-26,41.9699821472168,42.06847527753063,41.32274004301927,41.35557108645722,152648800
2018-02-27,41.83395004272461,42.32407170138227,41.78001411689453,42.00045256808782,155712400
2018-02-28,41.7706184387207,42.356889205391774,41.754204717976556,42.0379577651902,151128400
2018-03-01,41.03895568847656,42.15990516330248,40.490207082637184,41.869113560517185,195208000
2018-03-02,41.322723388671875,41.34382828416562,40.4409695860293,40.523048950701295,153816000
2018-03-05,41.46577835083008,41.68152565643168,40.92640829766891,41.08821967144869,113605600
2018-03-06,41.43059158325195,41.80111522190971,41.30395864315268,41.72138323820596,95154000
2018-03-07,41.04599380493164,41.238292358234624,40.86776875758587,41.024888913465674,126814000
2018-03-08,41.493900299072266,41.53611007662612,41.05537091124757,41.151516597335615,95096400
2018-03-09,42.20681381225586,42.21150498140383,41.59943801604093,41.733109499405906,128740800
2018-03-12,42.6148681640625,42.77198836793643,42.26076175637478,42.27951928008762,128828400
2018-03-13,42.204463958740234,43.03227806800687,42.033273881705256,42.818874631326786,126774000
2018-03-14,41.84568405151367,42.333462006333335,41.69794259827233,42.28656103685953,117473600
2018-03-15,41.89491653442383,42.267787541462646,41.75890483631969,41.859741712209576,90975200
2018-03-16,41.74717330932617,42.005130321635804,41.65336783168469,41.894911121852736,157618800
2018-03-19,41.10932159423828,41.61820437252176,40.72472797672701,41.58302954525192,133787200
2018-03-20,41.09524154663086,41.461073973434026,41.02488833109644,41.09524154663086,78597600
2018-03-21,40.164249420166016,41.06006953035237,40.16190204635174,41.04834339622222,148219600
2018-03-22,39.596744537353516,40.494908555129875,39.53811743769994,39.866427764434306,165963200
2018-03-23,38.6797981262207,39.84764841456468,38.6797981262207,39.488851015264345,164115200
2018-03-26,40.51601791381836,40.593406116445934,39.0315792888296,39.413829131964945,150164800
2018-03-27,39.477134704589844,41.07413599250078,39.14413327762529,40.729408432396,163690400
2018-03-28,39.040950775146484,39.87111237349299,38.73843656517135,39.221523214294066,166674000
2018-03-29,39.3458137512207,40.27681225973409,39.139445242034746,39.35284871600534,153594000
2018-04-02,39.08784866333008,39.61783980550772,38.56958723220933,39.07846990412321,150347200
2018-04-03,39.48885726928711,39.573280410628975,38.66573432493875,39.31297602301765,121112000
2018-04-04,40.243988037109375,40.33778996897688,38.63995138530053,38.66574745331124,138422000
2018-04-05,40.523048400878906,40.85839366355364,40.35420208259207,40.471456271496045,107732800
2018-04-06,39.486534118652344,40.448016620622404,39.44432073675474,40.09391014785771,140021200
2018-04-09,39.878143310546875,40.59104707856743,39.83124235894121,39.8382773227664,116070800
2018-04-10,40.62857437133789,40.80445564567269,40.22521969593166,40.56994727989296,113634400
2018-04-11,40.43861389160156,40.785685191415006,40.26507645253841,40.38936557162659,89726400
2018-04-12,40.8372917175293,41.03896908014141,40.57933105198561,40.66610159129438,91557200
2018-04-13,40.97564697265625,41.23595140956656,40.7692820378696,40.98737310695765,100497200
2018-04-16,41.23126220703125,41.318029156505595,40.99909763886708,41.04599859592581,86313600
2018-04-17,41.798770904541016,41.962926039032276,41.36962018116944,41.38838127915609,106421600
2018-04-18,41.704959869384766,41.9347806054284,41.47983388010552,41.69792490586436,83018000
2018-04-19,40.523048400878906,41.1304242406062,40.49021737111835,40.74817443971879,139235200
2018-04-20,38.862728118896484,40.152524178994675,38.79471868641738,40.00713013182585,261964400
2018-04-23,38.75016403198242,39.14413637278911,38.48047726168653,39.123031478455985,146062000
2018-04-24,38.21080017089844,39.00578352253982,37.807445427107865,38.851007116089285,134768000
2018-04-25,38.377296447753906,38.79237729841982,38.08650833536919,38.135753093228,113528400
2018-04-26,38.510963439941406,38.86506977787231,38.311629901195275,38.48751117244882,111852000
2018-04-27,38.065399169921875,38.5367596909896,37.669079464232254,38.459371501862606,142623200
2018-04-30,38.754844665527344,39.22386131751476,37.952826620026435,38.02083603841994,169709600
2018-05-01,39.65536117553711,39.678809862224035,38.75719381639185,39.02453317715288,214277600
2018-05-02,41.407142639160156,41.6838607850088,40.75755348322687,41.0928987187872,266157600
2018-05-03,41.4821891784668,41.62523944023905,40.9076443356587,41.24533699153512,136272800
2018-05-04,43.10967254638672,43.20816562887036,41.78235436081041,41.80111545913781,224805200
2018-05-07,43.42156219482422,44.010176800741654,43.325412923046954,43.42624978492575,169805600
2018-05-08,43.63028335571289,43.67014934958215,43.072152284915745,43.38170505375531,113611200
2018-05-09,43.9374885559082,43.946867316294885,43.43564078484701,43.74753734783236,92844800
2018-05-10,44.565975189208984,44.643363391349325,44.00550025096308,44.026608726684444,111957200
2018-05-11,44.39645767211914,44.74251445264943,44.12808747416819,44.60833114972941,104848800
2018-05-14,44.29288864135742,44.61775924769171,44.224620553416436,44.4953436639537,83115200
2018-05-15,43.89034652709961,44.03865768488934,43.57489435565079,43.97038598693953,94780800
2018-05-16,44.29994583129883,44.36586467071861,43.78674803552611,43.80322864340894,76732400
2018-05-17,44.01981735229492,44.471809256839805,43.87150621770076,44.2575828606732,69176000
2018-05-18,43.8597297668457,44.21284873798185,43.81735721452309,44.06689404605473,73190800
2018-05-21,44.17047882080078,44.556555441924544,44.00098141717452,44.25758035606822,73603200
2018-05-22,44.0598258972168,44.46473588249332,43.97036795401736,44.34702957496204,60962800
2018-05-23,44.342323303222656,44.37528092786658,43.73024902599362,43.86914520823956,80233600
2018-05-24,44.29288864135742,44.455323944524565,43.836191117930454,44.43884692692997,92936000
2018-05-25,44.39411926269531,44.64600893764281,44.17518362391239,44.31172339594766,69844000
2018-05-29,44.23404312133789,44.434145345167785,43.99156833741936,44.16342218785683,90056400
2018-05-30,44.13987731933594,44.257583658854166,43.970379903060696,44.19166839609295,74762000
2018-05-31,43.99156188964844,44.311723245583195,43.81971165651136,44.07395775611649,109931200
2018-06-01,44.784912109375,44.78961777692441,44.198733209336964,44.25523354894354,93770000
2018-06-04,45.15921401977539,45.5335193121076,45.04621694120785,45.114485036645306,105064800
2018-06-05,45.50762176513672,45.6559328937866,45.283980451471415,45.451125024403204,86264000
2018-06-06,45.66535186767578,45.68889457314305,45.18040230879515,45.58295958276537,83734400
2018-06-07,45.54294204711914,45.71714514434853,45.279277383234806,45.70302095723401,85388800
2018-06-08,45.12860870361328,45.19923322394816,44.6742639688573,45.003840274270324,106627200
2018-06-11,45.0179557800293,45.19216241765169,44.77783748614501,45.0462077379834,73234000
2018-06-12,45.2651481628418,45.34283477544598,44.99913069472254,45.055631029010755,67644400
2018-06-13,44.89318084716797,45.40638216872587,44.83197486603822,45.298090795222826,86553600
2018-06-14,44.916717529296875,45.09798620775228,44.78017781234052,45.09327695072327,86440400
2018-06-15,44.455318450927734,44.76606483460539,44.31877869980678,44.735460044424904,246876800
2018-06-18,44.43178939819336,44.544786475958205,44.06925186853399,44.22933435480383,73939600
2018-06-19,43.71377944946289,43.86444341520715,43.18645377330186,43.5843017620001,134314000
2018-06-20,43.90446472167969,44.06925287888817,43.72319595269414,43.86915425660373,82514800
2018-06-21,43.659645080566406,44.33998770467605,43.537229459116276,44.08103227316868,102847600
2018-06-22,43.53249740600586,43.822053897184134,43.4807063468213,43.81499180657816,108801600
2018-06-25,42.8851318359375,43.53251677162518,42.546136967603,43.17468845592623,126652400
2018-06-26,43.417144775390625,43.91151267999617,42.97221509809014,43.07815364344223,98276800
2018-06-27,43.35360336303711,44.088089831952125,43.32299856279475,43.605493082214934,101141200
2018-06-28,43.66904830932617,43.836192877993625,43.2688475068545,43.33947202308176,69460800
2018-06-29,43.57724380493164,44.06690263809954,43.05933659804087,43.85502905884016,90950800
2018-07-02,44.06453323364258,44.092785191156864,43.17938306061224,43.273550265473915,70925200
2018-07-03,43.29710006713867,44.245812888772036,43.207642098451544,44.208145997523516,55819200
2018-07-05,43.64551544189453,43.8832845803696,43.381854353483995,43.61255780584322,66416800
2018-07-06,44.250518798828125,44.35880661283061,43.59842471288167,43.650215786400146,69940800
2018-07-09,44.86494445800781,44.88848356836496,44.56361654538464,44.610698358210996,79026400
2018-07-10,44.810787200927734,45.02971918178721,44.770763900233106,44.895535875608076,63756400
2018-07-11,44.22932434082031,44.676606883449594,44.16576192741964,44.37527901622558,75326000
2018-07-12,44.97087860107422,45.06033655826407,44.5659685524734,44.617759623255736,72164400
2018-07-13,45.041507720947266,45.16156689252232,44.94027840238948,44.982654551959264,50055600
2018-07-16,44.942626953125,45.35224263855551,44.82727346896064,45.086228803977875,60172400
2018-07-17,45.06974792480469,45.168620799732764,44.54006949990387,44.669547166635304,62138000
2018-07-18,44.822566986083984,45.152146850343286,44.71192275355339,45.14743759156633,65573600
2018-07-19,45.17097091674805,45.32869692797151,44.65541674710549,44.65541674710549,81147200
2018-07-20,45.0673942565918,45.30045046027843,44.76841921206279,45.147433688320305,82704800
2018-07-23,45.107418060302734,45.18981392473907,44.624821408844134,44.88848242766125,63957600
2018-07-24,45.43463134765625,45.590004524216056,45.21099009830505,45.30515370052308,74791600
2018-07-25,45.86309814453125,45.870160237270106,45.30045841417882,45.448769545919404,66839600
2018-07-26,45.71949005126953,46.13146216817286,45.578241031486534,45.813653669717006,76304000
2018-07-27,44.959110260009766,45.950199171301655,44.75194955512328,45.90311735619619,96096000
2018-07-30,44.70722198486328,45.24631543024671,44.50947619991051,45.17569090930291,84118000
2018-07-31,44.796669006347656,45.23218382059381,44.57302772015845,44.799025431663516,157492000
2018-08-01,47.435646057128906,47.49685204920368,46.449266539565365,46.877719260424044,271742800
2018-08-02,48.822227478027344,49.05528728580015,47.16492406575627,47.21906796740019,249616000
2018-08-03,48.96348190307617,49.14004140332828,48.372593809947276,48.737484162224085,133789600
2018-08-06,49.21773147583008,49.260104034656656,48.74690610871269,48.96583818020829,101701600
2018-08-07,48.75629425048828,49.3189301114162,48.673898419663196,49.27655757586764,102349600
2018-08-08,48.789283752441406,48.92111429423588,48.14660806513692,48.50678922115141,90102000
2018-08-09,49.17300033569336,49.384870304763766,48.77750517675299,49.32601713645395,93970400
2018-08-10,49.02653121948242,49.39742705887133,48.82336614927484,48.986371143415944,98444800
2018-08-13,49.34308624267578,49.83446227625625,49.06668789966988,49.44703165810567,103563600
2018-08-14,49.55097198486328,49.74232438693092,49.19897570143508,49.647830530631445,82992000
2018-08-15,49.66674041748047,49.784859564930485,49.21552440909091,49.42577634736354,115230400
2018-08-16,50.394351959228516,50.51010641019358,49.95730969640134,50.023456126869974,114001600
2018-08-17,51.40072250366211,51.48812950883822,50.35654979736229,50.42269622366473,141708000
2018-08-20,50.89989471435547,51.77869768428093,50.81720988532367,51.523563547511685,121150800
2018-08-21,50.80066680908203,51.308581160568224,50.56206749722052,51.21644839611583,104639200
2018-08-22,50.803035736083984,51.11250726288701,50.5171858711542,50.578610122385655,76072400
2018-08-23,50.9069938659668,51.27552504663343,50.696741917780805,50.70855094931436,75532800
2018-08-24,51.06526184082031,51.240075841735475,50.81721095322185,51.16920724931565,73905600
2018-08-27,51.48576736450195,51.6747586949245,51.10542361873389,51.29913711900238,82100400
2018-08-28,51.90153503417969,52.09997426934219,51.71726951514179,51.73853008932868,91107200
2018-08-29,52.67641067504883,52.796894504886076,51.83304188973848,52.00785590995711,109019200
2018-08-30,53.160701751708984,53.923750413942706,52.53939389969296,52.740197886722456,195175200
2018-08-31,53.77490234375,54.06783540323417,53.38983292621779,53.51031310990478,173360400
2018-09-04,53.94736862182617,54.141082118508926,53.538677445708245,53.95918125564201,109560400
2018-09-05,53.59537124633789,54.25683907496072,53.17723213437342,54.096198793356,133332000
2018-09-06,52.70476531982422,53.70877807859269,52.27953566575668,53.44418873566715,137160000
2018-09-07,52.27953338623047,53.2410213353136,52.140153662691596,52.40946516440661,150479200
2018-09-10,51.57789993286133,52.40945962051581,51.13849662341598,52.19684302288819,158066000
2018-09-11,52.88193893432617,52.9882454363978,51.159759902867926,51.502304678303155,142996000
2018-09-12,52.22519302368164,53.15360764020319,51.93461737319087,53.139433921586026,197114800
2018-09-13,53.486717224121094,53.94502012734642,52.579562968812944,52.80398864485436,166825600
2018-09-14,52.87957763671875,53.58829250227248,52.56774497032442,53.33079363291841,127997200
2018-09-17,51.471595764160156,52.66932192659372,51.327490274311316,52.48033058839213,148780400
2018-09-18,51.55663299560547,52.40945315642441,51.29204372483906,51.450322907548866,126286800
2018-09-19,51.58734893798828,51.88264677017388,50.86209933658958,51.61806106604274,108495200
2018-09-20,51.979496002197266,52.51103200480505,51.77160521211482,52.02910761517938,106435200
2018-09-21,51.41961669921875,52.29369747504303,51.33220609833967,52.15667886190373,384986800
2018-09-24,52.159061431884766,52.27009373991127,51.17631267839612,51.22119853968909,110773600
2018-09-25,52.48978042602539,52.63861168577063,51.901545851293584,51.91335848542905,98217600
2018-09-26,52.0716438293457,52.85831777335347,51.915725691677075,52.20866247111113,95938800
2018-09-27,53.14179992675781,53.493796258750265,52.80870308957469,52.87485312376238,120724800
2018-09-28,53.32842254638672,53.35204420798232,52.922092477963226,53.10399333061653,91717600
2018-10-01,53.68750762939453,54.19778315474895,53.47253354452783,53.850512611497464,94403200
2018-10-02,54.16472244262695,54.334814323669214,53.53869232817332,53.685158935016645,99152800
2018-10-03,54.823814392089844,55.15454651217673,54.28282676137159,54.34661210049897,114619200
2018-10-04,53.859962463378906,54.88996142629786,53.56229994728196,54.51906562598968,128168000
2018-10-05,52.985877990722656,53.95918207755952,52.10943606076721,53.85287558101716,134322000
2018-10-08,52.863037109375,53.1063622318355,52.01966478038702,52.49450599592842,118655600
2018-10-09,53.59537124633789,53.68986871026096,52.503951672171496,52.83232269929613,107564000
2018-10-10,51.11251449584961,53.47253621494058,51.03928120567304,53.262284289555225,167962400
2018-10-11,50.66130447387695,51.854308651260354,50.158119328600904,50.67784288571244,212497600
2018-10-12,52.47087860107422,52.652783065490866,51.225901996474846,52.071635376118714,161351600
2018-10-15,51.34874725341797,52.404732541694706,51.32748667559729,52.246453343402386,123164000
2018-10-16,52.48032760620117,52.67877048262682,51.20700353895954,51.71964012658048,116736000
2018-10-17,52.2535400390625,52.59608478681421,51.81649782677638,52.515764645492226,91541600
2018-10-18,51.03219223022461,51.9109988853349,50.31875164361143,51.46686978304842,130325200
2018-10-19,51.80941390991211,52.27007781096182,51.36528481315141,51.51411607530205,132314800
2018-10-22,52.125972747802734,52.76618004452115,51.72200732540533,51.9228076917488,115168400
2018-10-23,52.61735153198242,52.74019644792127,50.720358416207795,50.987308828331614,155071200
2018-10-24,50.81249237060547,52.97171017320504,50.68256059159632,52.586644215954536,163702000
2018-10-25,51.925174713134766,52.2984316284464,51.204647237524014,51.43143757260694,119423200
2018-10-26,51.09833908081055,52.01730581697299,50.240792997824286,51.003841608951056,189033600
2018-10-29,50.13921356201172,51.899188017139984,48.68634598538271,51.781068877806405,183742000
2018-10-30,50.389617919921875,50.83374336526925,49.43757808963061,49.88170353497799,146640000
2018-10-31,51.70310974121094,52.07872773863771,51.17393470003853,51.23535895942081,153435600
2018-11-01,52.49686813354492,52.52994134683256,51.218818240233645,51.7479932575457,233292800
2018-11-02,49.01472473144531,50.47231470672906,48.53043546332482,49.50373977519871,365314800
2018-11-05,47.623268127441406,48.284735950815005,46.815333742036444,48.26347537336716,264654800
2018-11-06,48.13826370239258,48.362689293265134,47.64688776606542,47.701221548028215,127531600
2018-11-07,49.598228454589844,49.62421481077782,48.22332347597132,48.6580010661063,133697600
2018-11-08,49.425167083740234,49.8115765392993,49.01267698848203,49.77838793052821,101450400
2018-11-09,48.47216796875,48.837242614372975,47.945888947777135,48.72819589386814,137463200
2018-11-12,46.03044128417969,47.376958635940824,45.940356345152274,47.1754539935757,204542000
2018-11-13,45.57054138183594,46.74400049739225,45.385632848101636,45.42830599596469,187531600
2018-11-14,44.283294677734375,46.1039337207125,44.07704775470096,45.9664369777863,243204000
2018-11-15,45.37614059448242,45.5088950350297,44.30698624887807,44.66021072748847,185915200
2018-11-16,45.87870407104492,46.220074640401464,44.91386160362832,45.16040500522661,147713200
2018-11-19,44.06045150756836,45.20783353297529,43.854208219357986,45.041890449513616,167701200
2018-11-20,41.955322265625,43.019734244310634,41.60684008439357,42.28483901186508,271300800
2018-11-21,41.90791702270508,42.735266618961745,41.85339364940584,42.607250817126655,124496800
2018-11-23,40.84349822998047,41.86524068594316,40.79845939163042,41.47171605144784,94496000
2018-11-26,41.39585876464844,41.474089835387204,40.362265965846845,41.30577746097213,179994000
2018-11-27,41.30577850341797,41.43142136093944,40.50924821986047,40.65859516114247,165549600
2018-11-28,42.894100189208984,42.97706991484424,41.46935188841063,41.89606521990837,184250000
2018-11-29,42.56458282470703,43.3350361348104,42.126015647425476,43.301847521528224,167080000
2018-11-30,42.33462142944336,42.749480801948096,41.96717383319612,42.7399962763246,158126000
2018-12-03,43.81389617919922,43.842342523740484,42.958100347142334,43.72855352828848,163210000
2018-12-04,41.88658905029297,43.23784507191264,41.787023197888146,42.8964743680744,165377200
2018-12-06,41.419578552246094,41.43380172975156,40.40020862932466,40.717871651240934,172393600
2018-12-07,39.942665100097656,41.365040213085045,39.8976226427538,41.127977694253815,169126400
2018-12-10,40.205810546875,40.32196888310216,38.71942732261499,39.11532135314505,248104000
2018-12-11,39.97585678100586,40.724971648959276,39.589443688075356,40.69415597889754,189126800
2018-12-12,40.0872802734375,40.75579481048931,40.06831483459586,40.3954587070733,142510800
2018-12-13,40.52584457397461,40.90988838723615,40.193958431440095,40.416797820265124,127594400
2018-12-14,39.22911834716797,40.08254516087098,39.18170655024852,40.063579718645556,162814800
2018-12-17,38.86403274536133,39.909479397667184,38.57718548508604,39.221995872633826,177151600
2018-12-18,39.36896896362305,39.71507816906139,38.97070210436041,39.20539526878053,135366000
2018-12-19,38.140995025634766,39.69612483606224,37.71428169538635,39.352384848493756,196189200
2018-12-20,37.17852020263672,38.43021017900651,36.81581479001181,38.024831626332364,259092000
2018-12-21,35.73243713378906,37.493813760545514,35.47167049927005,37.18563172221628,382978400
2018-12-24,34.807891845703125,35.92682728092065,34.75099553606444,35.120812505498044,148676800
2018-12-26,37.25911331176758,37.27333648323871,34.78181086894606,35.156370059261675,234330000
2018-12-27,37.01731872558594,37.16429997821352,35.575981488377714,36.94382990791601,212468400
2018-12-28,37.03627395629883,37.57914911568822,36.63801068620746,37.3373443489689,169165600
2018-12-31,37.39425277709961,37.77829300025277,37.095551610391226,37.58153062422218,140014000
2019-01-02,37.436912536621094,37.657382560104914,36.56215126344113,36.71861339400552,148158800
2019-01-03,33.707916259765625,34.544746565740525,33.66287380759525,34.13225652812852,365248800
2019-01-04,35.146888732910156,35.215638890994725,34.089591894725444,34.262646525522236,234428400
2019-01-07,35.06866455078125,35.28202303602157,34.58742781885169,35.25120374411971,219111200
2019-01-08,35.737178802490234,35.990837462958424,35.2085303378544,35.45507379403959,164101200
2019-01-09,36.344051361083984,36.63326790098298,35.47166309582496,35.86518409738925,180396400
2019-01-10,36.46022415161133,36.50052435461603,35.7632596139456,36.152042085783165,143122800
2019-01-11,36.10224914550781,36.436508162841335,35.91734067151202,36.24211877976571,108092800
2019-01-14,35.55937576293945,35.8604461572393,35.37446729835511,35.76088033917748,129756800
2019-01-15,36.28716278076172,36.36302090848889,35.571232935659744,35.62338698103528,114843600
2019-01-16,36.73046875,36.95330810558897,36.27056686587589,36.28953230223316,122278800
2019-01-17,36.94857406616211,37.3752874359603,36.332209907866066,36.55504931305445,119284800
2019-01-18,37.1761474609375,37.42743316241718,36.977012187831065,37.33734824404253,135004000
2019-01-22,36.34169006347656,37.15481288318813,36.180485646601795,37.07895474729043,121576000
2019-01-23,36.48866271972656,36.777879284107165,35.96238363485609,36.54318608659887,92522400
2019-01-24,36.19944763183594,36.62141864613615,35.97186962856401,36.53370666750917,101766000
2019-01-25,37.39897918701172,37.48669477291411,36.58348721486467,36.85847696932407,134142000
2019-01-28,37.05287551879883,37.05998710557618,36.4270305613809,36.93197130900929,104768400
2019-01-29,36.668827056884766,37.4866956045575,36.53370330810849,37.04101693130822,166348800
2019-01-30,39.174583435058594,39.38793826706386,37.984528510908085,38.70045837079162,244439200
2019-01-31,39.456695556640625,40.06357516979574,39.01101675816641,39.378464472826245,162958400
2019-02-01,39.47565841674805,40.058830287377425,39.33578875751876,39.5799665216834,130672400
2019-02-04,40.59696578979492,40.69416231326555,39.65582708181052,39.68664637395677,125982000
2019-02-05,41.29155349731445,41.50491196410588,40.85773221114225,40.97863281022283,144406400
2019-02-06,41.30577850341797,41.62107211746024,40.97626171566191,41.40297139622457,112958400
2019-02-07,40.523475646972656,41.23466334560738,40.381236660330636,40.86958496796045,126966800
2019-02-08,40.57107925415039,40.63059905695286,40.097300316034534,40.233007210168395,95280000
2019-02-11,40.337772369384766,40.76155684785086,40.29491984092061,40.723463289570496,83973600
2019-02-12,40.68536376953125,40.71155263291125,40.40204887463883,40.4972827563848,89134000
2019-02-13,40.51632308959961,41.06390606505326,40.4544237953591,40.804400566797696,89960800
2019-02-14,40.663936614990234,40.77345103559048,40.325864516022556,40.40443110443633,87342800
2019-02-15,40.5734748840332,40.87821610502483,40.41396218498305,40.77108114390779,98507200
2019-02-19,40.694889068603516,40.81631182485076,40.35205796132108,40.40443569287842,75891200
2019-02-20,40.956787109375,41.26391148139469,40.70918620303559,40.75680134277752,104457600
2019-02-21,40.72584533691406,41.037728645253,40.544906372901146,40.90202533044378,68998800
2019-02-22,41.18057632446289,41.18771841275426,40.80203111381347,40.84964624668983,75652800
2019-02-25,41.48054504394531,41.87099485294799,41.41388314724736,41.46388138617128,87493600
2019-02-26,41.50436019897461,41.735297384970416,41.22818736975056,41.35675221185204,68280800
2019-02-27,41.63291931152344,41.663870778026364,41.12342983703562,41.237710498215094,111341600
2019-02-28,41.223419189453125,41.64244097925039,41.16866198112314,41.5019750987165,112861600
2019-03-01,41.6567268371582,41.69957935859273,41.1615215591532,41.49245157272372,103544800
2019-03-04,41.866241455078125,42.318590618981844,41.41865126099976,41.8281478996669,109744800
2019-03-05,41.79005432128906,41.90195186974716,41.55435453421323,41.887667694676146,78949600
2019-03-06,41.54958724975586,41.78052438799391,41.41150086370007,41.58529768028724,83241600
2019-03-07,41.06867980957031,41.53055423911175,40.95440276119777,41.39484729251784,99185600
2019-03-08,41.1662712097168,41.20436474976329,40.35442034737549,40.54964701551384,95997600
2019-03-11,42.59238052368164,42.64475825441138,41.74720201003653,41.78053296297351,128044000
2019-03-12,43.0709228515625,43.48994107105625,42.70427873080419,42.85426983773272,129870400
2019-03-13,43.26138687133789,43.63993204857632,43.07330220879454,43.38994808203721,124130000
2019-03-14,43.74229049682617,43.83038227132776,43.46373826813808,43.78276352498082,94318000
2019-03-15,44.31131362915039,44.599391151169385,43.74468742331031,44.00895556463961,156171600
2019-03-18,44.76366424560547,44.85175241081099,44.23274487113642,44.235127988769825,104879200
2019-03-19,44.4089241027832,44.99460068115345,44.263695608787415,44.84223009997764,126585600
2019-03-20,44.796993255615234,45.11363909902574,43.98037952623001,44.337498406840204,124140800
2019-03-21,46.44688034057617,46.74209992048173,45.18982218227039,45.23982042355803,204136800
2019-03-22,45.485042572021484,47.06588868608585,45.42076015573601,46.50640098152946,169630800
2019-03-25,44.93507385253906,45.70644820999302,44.425584460679715,45.59455068456965,175381200
2019-03-26,44.47083282470703,45.920738587065536,43.94467958269551,45.630281537534415,199202000
2019-03-27,44.87080383300781,45.17792451700558,44.41369203462886,44.93746574322131,119393600
2019-03-28,44.93032455444336,45.13031028908646,44.64700961396477,44.98508177475717,83121600
2019-03-29,45.22314453125,45.25409599057958,44.88745197833809,45.194576188976775,94256000
2019-04-01,45.5302734375,45.63502524757183,44.849366691628894,45.62550367676558,111448000
2019-04-02,46.192134857177734,46.29689030333463,45.48503922841955,45.49456079952432,91062800
2019-04-03,46.508785247802734,46.782574945764324,45.98500796557863,46.00881734488018,93087200
2019-04-04,46.589725494384766,46.75161762841101,45.98262272618478,46.37545200589024,76457200
2019-04-05,46.901611328125,46.92542070577744,46.646864791887666,46.77066701663857,74106400
2019-04-08,47.639671325683594,47.670619165640296,46.74449079618841,46.76353757690128,103526800
2019-04-09,47.49681091308594,48.294377862741904,47.432528497673395,47.692037644042145,143072800
2019-04-10,47.76346206665039,47.792034049404215,47.182548065607946,47.30158770081168,86781200
2019-04-11,47.36587142944336,47.853934673821236,47.24445230598995,47.81822423539419,83603200
2019-04-12,47.346824645996094,47.64918634491624,46.71353653021887,47.42539124332817,111042800
2019-04-15,47.43253707885742,47.58014871253934,47.1420800473952,47.27778698972833,70146400
2019-04-16,47.437294006347656,47.94202089049343,47.27301873067345,47.48729225090989,102785600
2019-04-17,48.361045837402344,48.420565658052794,47.28492646285772,47.50633845193266,115627200
2019-04-18,48.53483200073242,48.603873379039385,48.21580670422305,48.35865206262389,96783200
2019-04-22,48.6943473815918,48.791960743297345,48.17295325708763,48.28961339420896,77758000
2019-04-23,49.39668655395508,49.46096897486131,48.5443623205219,48.67054404461103,93292000
2019-04-24,49.32050323486328,49.63476598723901,49.29431436943186,49.36811836306549,70162400
2019-04-25,48.8729133605957,49.463348946368356,48.834819804661606,49.241936964004154,74172800
2019-04-26,48.63958740234375,48.80624213673832,48.12057279202839,48.78243276062449,74596400
2019-04-29,48.71340560913086,49.03719360171723,48.534846134531065,48.66340735781012,88818800
2019-04-30,47.775367736816406,48.4253231411779,47.403964648609836,48.34437705945112,186139600
2019-05-01,50.12044906616211,51.260847173955064,49.813324772705464,49.96807847828328,259309200
2019-05-02,49.79427719116211,50.62755462484601,49.55143895467689,49.95855246647943,127985200
2019-05-03,50.413272857666016,50.43469911475348,50.05139144027574,50.20852459118473,83569600
2019-05-06,49.63475799560547,49.72046666569017,48.449124420101235,48.63720541769776,129772400
2019-05-07,48.29676055908203,49.38240144232554,47.8134599345925,49.01576096722364,155054800
2019-05-08,48.3062858581543,48.88719989942972,48.03249613134411,48.06820657125792,105358000
2019-05-09,47.78726577758789,48.01581981569588,46.82066463565413,47.71107867635127,139634400
2019-05-10,47.125240325927734,47.52436694654239,46.07127049602343,47.18260069191322,164834800
2019-05-13,44.38636016845703,45.28498427633387,43.70044246376236,44.86196376514138,229722400
2019-05-14,45.08900833129883,45.3375626885166,44.31227095065522,44.55126706777633,146118800
2019-05-15,45.62913513183594,45.827502333135364,44.458055696511366,44.51780472171754,106178800
2019-05-16,45.428375244140625,45.999575728464684,45.13201879261702,45.387746348226955,132125600
2019-05-17,45.170257568359375,45.624348646044616,44.63490505470456,44.67553394929403,131516400
2019-05-20,43.757789611816406,44.058926994173994,43.08621123813103,43.86055981831974,154449200
2019-05-21,44.596675872802734,44.93126897024765,44.14258107279463,44.26686007189899,113459200
2019-05-22,43.68370819091797,44.38396868148397,43.62874010735263,44.13302203951607,118994400
2019-05-23,42.93803787231445,43.148351949089296,42.495893652579475,42.97149717862801,146118800
2019-05-24,42.773128509521484,43.53074564161301,42.68947842323507,43.06709266530931,94858800
2019-05-28,42.59627914428711,43.16031015583973,42.51980227917044,42.76118705714658,111792800
2019-05-29,42.39312744140625,42.863950028564076,42.063311671553926,42.16368959133705,113924800
2019-05-30,42.61300277709961,42.835267386171125,42.223437990733274,42.5293526884522,84873600
2019-05-31,41.84104537963867,42.53891349401557,41.821925255667836,42.118278060238815,108174400
2019-06-03,41.41801452636719,42.522175065927414,40.69385681577377,41.96770614858801,161584400
2019-06-04,42.933250427246094,42.97866026039238,41.70959181391193,41.929467743071015,123872000
2019-06-05,43.62635040283203,44.211893817789964,43.29175729153441,44.04220496698027,119093600
2019-06-06,44.2668571472168,44.326606171155184,43.5331373827937,43.75540564817583,90105200
2019-06-07,45.44511413574219,45.86813832067342,44.39831353218565,44.57516834017903,122737600
2019-06-10,46.02587127685547,46.692668818811526,45.79643340678976,45.84184325115213,104883600
2019-06-11,46.5588264465332,46.84323236940541,46.26964322768004,46.57077698006724,107731600
2019-06-12,46.41065216064453,46.83606491698479,46.21945455574318,46.353291785136825,73012800
2019-06-13,46.401092529296875,47.03204210337555,46.269647588406826,46.53254111697809,86698400
2019-06-14,46.06411361694336,46.267258131465205,45.480962498943924,45.77970764982139,75046000
2019-06-17,46.338951110839844,46.59467867410405,45.92787754991537,46.10234367212921,58676400
2019-06-18,47.428775787353516,47.86852774049729,46.65443074959841,46.85518660036521,106204000
2019-06-19,47.2901611328125,47.77054566831844,47.156323888998976,47.72274352684957,84496800
2019-06-20,47.67017364501953,47.94501775858043,47.32840725446429,47.88765736978177,86056000
2019-06-21,47.50764083862305,48.002364478306184,47.35707214014717,47.51242178135948,191202400
2019-06-24,47.45984649658203,47.837460776342034,47.361857219276544,47.45028461027407,72881600
2019-06-25,46.74046325683594,47.622355693652125,46.673541002050435,47.4239885175278,84281200
2019-06-26,47.751426696777344,48.03583267016002,47.165886917526144,47.26626485281565,104270000
2019-06-27,47.737083435058594,48.17444674582689,47.69645453473033,47.86852837567722,83598800
2019-06-28,47.3021125793457,47.67972689411709,47.09418711775815,47.48374832133551,124442400
2019-07-01,48.16967010498047,48.87231930153746,47.95457140270037,48.55684266357657,109012000
2019-07-02,48.45167922973633,48.54727985958251,48.12425573364212,48.13620626822179,67740800
2019-07-03,48.85319900512695,48.860368597165724,48.44212537654384,48.58313221569498,45448000
2019-07-05,48.81017303466797,49.013321180685026,48.49230778045325,48.59985894410412,69062000
2019-07-08,47.80400466918945,48.13381683307876,47.419220772325794,47.99280999831783,101354400
2019-07-09,48.095584869384766,48.16011120195485,47.51482234871203,47.608030698104976,82312000
2019-07-10,48.57117462158203,48.690672667251185,48.17205158666198,48.241362495353016,71588400
2019-07-11,48.21745300292969,48.848402427951434,48.20789476553419,48.59028625678931,80767200
2019-07-12,48.58791732788086,48.7552139011244,48.32502010793259,48.384769144576126,70380800
2019-07-15,49.04439163208008,49.202126287633234,48.75520474444894,48.77671351837103,67789600
2019-07-16,48.87469482421875,49.25947863105366,48.635698761508635,48.89620359463294,67467200
2019-07-17,48.599853515625,49.0157043539387,48.58073339192921,48.76715003947481,56430000
2019-07-18,49.15193176269531,49.20451118890925,48.683497869186766,48.75519741827764,74162400
2019-07-19,48.4182243347168,49.35270006344837,48.36325624678891,49.18301120924729,83717200
2019-07-22,49.52476501464844,49.527153662460286,48.66198907179927,48.671547309837216,89111600
2019-07-23,49.91194152832031,49.928673004733994,49.541496867121964,49.821125495815984,73420800
2019-07-24,49.871315002441406,49.98603210762174,49.51282085781072,49.63231890602095,59966400
2019-07-25,49.47696304321289,50.00753456328713,49.40765214685897,49.9238844874918,55638400
2019-07-26,49.649051666259766,50.12465157648066,49.50565254598537,49.58691034563834,70475600
2019-07-29,50.11269760131836,50.34213544864626,49.816344788392115,49.8211257312173,86693600
2019-07-30,49.897613525390625,50.227429363633455,49.5462889099037,49.89283258151694,135742800
2019-07-31,50.91572952270508,52.906567550868054,50.49987862645295,51.72353753914433,277125600
2019-08-01,49.813961029052734,52.10832530830055,49.41006063749324,51.12127013624457,216071600
2019-08-02,48.75999450683594,49.335972444521424,48.188793866358694,49.12087737281385,163448400
2019-08-05,46.20750427246094,47.47657295728015,46.02586855255384,47.31883830566207,209572000
2019-08-06,47.08222961425781,47.337957180388806,46.37479958500888,46.91732172907666,143299200
2019-08-07,47.56978225708008,47.69406125048899,46.32222596704192,46.702228891752036,133457600
2019-08-08,48.618980407714844,48.642881479152365,47.65343765837779,47.84702393793063,108038000
2019-08-09,48.21834182739258,48.64296958479051,47.810501798191915,48.29271153651943,98478800
2019-08-12,48.095985412597656,48.47263670436005,47.776912437595854,47.889667686680966,89927600
2019-08-13,50.13276672363281,50.8932623822907,48.095979326471294,48.225529607627415,188874000
2019-08-14,48.640567779541016,49.525814703624334,48.60218223590696,48.7389293623607,146189600
2019-08-15,48.39826202392578,49.213934627282455,47.90165870212019,48.81089743333585,108909600
2019-08-16,49.54020690917969,49.69854452652455,48.90206099247231,49.00761940403555,110481600
2019-08-19,50.463844299316406,51.034813742319905,50.387073206778055,50.52861579041757,97654400
2019-08-20,50.46623611450195,51.18355082625258,50.4566415593816,50.590987294947006,107537200
2019-08-21,51.01321792602539,51.25551979787076,50.76371922258588,51.0971858421528,86141600
2019-08-22,50.97004318237305,51.445052429028564,50.55980542800198,51.14517220703567,89014800
2019-08-23,48.61417770385742,50.87167667544053,48.220735037045706,50.243125301638166,187272000
2019-08-26,49.53779983520508,49.70573197615523,49.19473506237836,49.386659078026874,104174400
2019-08-27,48.978843688964844,50.03202300931841,48.8277028674275,49.866488521091355,103493200
2019-08-28,49.30750274658203,49.35308512364201,48.77731659181928,48.96444154769402,63755200
2019-08-29,50.142372131347656,50.21674550325925,49.578599495883154,50.02002231545943,83962000
2019-08-30,50.07759475708008,50.4878288131881,49.70814030749895,50.418258218749706,84573600
2019-09-03,49.34828567504883,49.65536271132292,48.99322853822822,49.52341468933475,80092000
2019-09-04,50.18556213378906,50.25513274380747,49.73694243376405,49.99363803420186,76752400
2019-09-05,51.16675567626953,51.332290121775586,50.74212431527314,50.859678663980254,95654800
2019-09-06,51.1619758605957,51.44026565187271,50.98204768426717,51.35150225629136,77449200
2019-09-09,51.38027572631836,51.924859218012465,50.63657499459651,51.54101108118064,109237600
2019-09-10,51.98723220825195,52.00642498087169,50.79011275885333,51.30590525316312,127111600
2019-09-11,53.640174865722656,53.668965856636916,52.23433622087792,52.315906424379826,177158400
2019-09-12,53.52021789550781,54.31909918340094,53.46504096397798,53.930455617643666,128906800
2019-09-13,52.47903060913086,52.968433443898334,52.06399747203743,52.77891078404018,159053200
2019-09-16,52.75492477416992,52.810105368157046,52.19354990284835,52.234333171895095,84632400
2019-09-17,52.94684600830078,52.9756369959949,52.56779700604228,52.76931927731361,73274800
2019-09-18,53.44343948364258,53.46263225167486,52.64455835994907,53.03320184582573,101360000
2019-09-19,53.00922393798828,53.68095264649306,52.86767770380978,53.26112037335412,88242400
2019-09-20,52.23432540893555,53.39306280074984,52.171951652718704,53.10997768332739,221652400
2019-09-23,52.471839904785156,52.74053140147138,52.21514068797828,52.52701683843027,76662000
2019-09-24,52.22233200073242,53.37627400150818,52.1047813136798,53.026012342649935,124763200
2019-09-25,53.026004791259766,53.13876001506895,52.092777955931126,52.43104362735866,87613600
2019-09-26,52.75252914428711,53.00442926136015,52.49823130328569,52.77891875008804,75334000
2019-09-27,52.49583053588867,53.00922529663117,52.1263760760949,52.90846232712596,101408000
2019-09-30,53.7313346862793,53.877676369428805,52.96843755851151,52.99482716237936,103909600
2019-10-01,53.88006591796875,54.75091905282625,53.78650345675115,53.99522253227226,139223200
2019-10-02,52.529415130615234,53.63777114984615,52.28231048438784,53.5130199648798,138449200
2019-10-03,52.97563552856445,53.00922196273818,51.61058034563439,52.402261102678956,114426000
2019-10-04,54.460636138916016,54.57579275889607,53.71213641227853,54.13196864675856,138478800
2019-10-07,54.472633361816406,55.16115707118716,54.17995001859924,54.28311070218234,122306000
2019-10-08,53.83448791503906,54.712537951919714,53.81769652866201,54.175155017507095,111820000
2019-10-09,54.46544647216797,54.64777233374476,54.13197980362061,54.46544647216797,74770400
2019-10-10,55.19954299926758,55.28351091299054,54.530212055651084,54.68134917544705,113013600
2019-10-11,56.667755126953125,57.010816269501035,55.732126840588336,55.88566533456895,166795600
2019-10-14,56.5861930847168,57.12837882948465,56.29830882465834,56.353485756513194,96427600
2019-10-15,56.45423889160156,57.013212266031545,56.348680493815976,56.710934394719835,87360000
2019-10-16,56.226341247558594,56.43506037247949,55.94565379747248,55.98643706861519,73903200
2019-10-17,56.44466018676758,56.653375670483044,56.0224301103295,56.39907780281877,67585200
2019-10-18,56.71574020385742,56.996427616238385,56.20714092357815,56.27911289972252,97433600
2019-10-21,57.6993522644043,57.81450890497435,56.93406101508978,56.98204111833702,87247200
2019-10-22,57.56740188598633,58.10478484329185,57.48583169226944,57.85528613606384,82293600
2019-10-23,58.33988571166992,58.35428303469319,57.869675657680986,58.08079246759652,75828800
2019-10-24,58.43585205078125,58.72853540039477,58.011220689350694,58.65896114841544,69275200
2019-10-25,59.15557098388672,59.19155514531401,58.2679262824244,58.33509915752011,73477200
2019-10-28,59.748130798339844,59.79611089742203,59.1891536754474,59.35708585255852,96572800
2019-10-29,58.366275787353516,59.9160581205968,58.19354817678271,59.72893318688571,142839600
2019-10-30,58.35908508300781,58.84849162305364,57.867284479823844,58.71894132571627,124522000
2019-10-31,59.678558349609375,59.7769199351258,56.919660471431264,59.31390665702909,139162000
2019-11-01,61.37228012084961,61.398666062574364,59.77451763685892,59.86567872270404,151125200
2019-11-04,61.77532196044922,61.859289881741645,61.26672630639548,61.7345350313778,103272000
2019-11-05,61.686553955078125,61.940851762991464,61.492232183395174,61.66735752356005,79897600
2019-11-06,61.712947845458984,61.772923889414315,61.26432820808025,61.60019258997119,75864400
2019-11-07,62.425174713134766,62.64655235097991,62.1075488018549,62.259143320569045,94940400
2019-11-08,62.59601974487305,62.6682041100399,61.804363604939915,62.24711151226494,69986400
2019-11-11,63.09172821044922,63.15669416268931,62.14847721788769,62.15328706288794,81821200
2019-11-12,63.03397750854492,63.23369990997847,62.78373337309186,62.93532060497629,87388800
2019-11-13,63.63794708251953,63.7125400727961,62.8198254404933,62.83426231969036,102734400
2019-11-14,63.197593688964844,63.736589975912096,63.067654461478035,63.464683238676635,89182800
2019-11-15,63.9483642578125,63.953174103840766,63.28664693674499,63.4478612263703,100206400
2019-11-18,64.27076721191406,64.35017001866998,63.58017648237061,63.95795114190618,86703200
2019-11-19,64.07587432861328,64.48734000161132,63.859313834576106,64.46327609265741,76167200
2019-11-20,63.329952239990234,64.02535311116276,62.65860794020665,63.89542118986976,106234400
2019-11-21,63.04600524902344,63.527254078451136,62.84628287257729,63.45025250335686,121395200
2019-11-22,62.99066162109375,63.32753434710897,62.76447407435324,63.18556681769094,65325200
2019-11-25,64.09512329101562,64.1119687621998,63.16871783845167,63.214437064080556,84020400
2019-11-26,63.59461975097656,64.28521054996122,63.16390005259661,64.23227289237668,105207600
2019-11-27,64.44882202148438,64.48251295368617,63.84004273806557,63.9050086659621,65235600
2019-11-29,64.30686950683594,64.48733780292622,63.98202510521868,64.15046511887911,46617600
2019-12-02,63.563331604003906,64.5474843518856,63.39249036509756,64.31166983630428,94487200
2019-12-03,62.429996490478516,62.449243209271664,61.66962259086981,62.15568118058269,114430400
2019-12-04,62.98102569580078,63.3588077517284,62.72596442902417,62.81981146620402,67181600
2019-12-05,63.9050178527832,63.97961816434409,63.21924426325192,63.47430551157911,74424400
2019-12-06,65.13945007324219,65.20923322764743,64.31891972597421,64.36223771269803,106075600
2019-12-09,64.22749328613281,65.16111015619538,63.743835702466114,64.9686134979566,128042400
2019-12-10,64.60282897949219,64.98542081982103,63.9723870058688,64.63170272694757,90420400
2019-12-11,65.15386199951172,65.23327215869327,64.60764728983901,64.68224026163169,78756800
2019-12-12,65.31989288330078,65.58458117297278,64.32371175724688,64.43439691719212,137310400
2019-12-13,66.20781707763672,66.24390927709698,65.19238158759332,65.31991225453659,133587600
2019-12-16,67.34114837646484,67.56493467366947,66.64815619751495,66.65296604245897,128186000
2019-12-17,67.4735107421875,67.8007565074222,67.08610151418986,67.27138706190554,114158400
2019-12-18,67.3122787475586,67.83202842109593,67.16309276912453,67.3267156265506,116028400
2019-12-19,67.3796615600586,67.65878682692495,67.12219895761189,67.25453947902584,98369200
2019-12-20,67.2400894165039,68.01249175897426,67.02833874913236,67.91143361344899,275978000
2019-12-23,68.33734893798828,68.39750505501115,67.46388094389195,67.50238173997971,98572000
2019-12-24,68.40229797363281,68.55149127528131,68.07746089671582,68.50336345626253,48478800
2019-12-26,69.75941467285156,69.77626014178544,68.50576371301644,68.53463746360407,93121200
2019-12-27,69.73294067382812,70.73634754482153,69.32869348774332,70.05056661001181,146266000
2019-12-30,70.14684295654297,70.42837681790876,68.63091173056866,69.65115713505799,144114400
2019-12-31,70.65934753417969,70.66656597182994,69.66556767244613,69.76422454918179,100805600
2020-01-02,72.27154541015625,72.33170151465225,71.02992253216576,71.28257523373918,135480400
2020-01-03,71.56890106201172,72.3268663213162,71.34512217138068,71.5015265354796,146322800
2020-01-06,72.1391830444336,72.17768382474937,70.4427841766351,70.6930355770511,118387200
2020-01-07,71.7999267578125,72.40388908002937,71.5809576466451,72.14882777323544,108872000
2020-01-08,72.95488739013672,73.25566778692864,71.50392304974332,71.50392304974332,132079200
2020-01-09,74.50453186035156,74.6970284371342,73.6791919560673,73.92943603722999,170108400
2020-01-10,74.67296600341797,75.2360335553344,74.17247048793807,74.73793929040194,140644800
2020-01-13,76.26831817626953,76.2947906823847,74.87029080894176,74.98820177445941,121532000
2020-01-14,75.23844146728516,76.4150983993522,75.11572800719021,76.2057563300334,161954400
2020-01-15,74.91600799560547,75.91700649010697,74.48528821645434,75.0387288028542,121923600
2020-01-16,75.85444641113281,75.96513894112196,75.09648089083629,75.4574175522418,108829200
2020-01-17,76.69420623779297,76.69660748800922,75.7966747158336,76.10226501476049,137816400
2020-01-21,76.17448425292969,76.7640097522044,76.03732655340609,76.32367023769899,110843200
2020-01-22,76.44635772705078,76.99738219270716,76.35251070725963,76.65810098336361,101832400
2020-01-23,76.81452941894531,76.89393223945343,75.95308995960856,76.499312044199,104472000
2020-01-24,76.5931396484375,77.80107129528129,76.4030443474141,77.05995149554447,146537600
2020-01-27,74.34090423583984,75.01945939831474,73.3615612587431,74.60799376962629,161940000
2020-01-28,76.4439697265625,76.61481100227473,75.12053546591517,75.21919235562906,162234000
2020-01-29,78.04411315917969,78.88870711130171,77.33186702648361,78.0705856603743,216229200
2020-01-30,77.93103790283203,77.9839755745144,76.69904191816083,77.1297617312458,126743200
2020-01-31,74.47565460205078,77.64467359137022,74.18209256314945,77.22358092411761,199588400
2020-02-03,74.27114868164062,75.43336162333348,72.72152653053286,73.22202218961303,173788400
2020-02-04,76.72309875488281,76.91319410520111,75.46703897288427,75.87128624120515,136616400
2020-02-05,77.34870147705078,78.14516750077749,76.74714059246732,77.84678830859878,118826800
2020-02-06,78.25346374511719,78.2558723391088,77.06237729988993,77.61821910965085,105425600
2020-02-07,77.18978881835938,78.00261640454451,76.70016229061778,77.75418535570422,117684000
2020-02-10,77.55640411376953,77.55640411376953,75.69920332307832,75.7787945932457,109348800
2020-02-11,77.0884780883789,78.12320868151228,76.87140364468625,78.05085298718184,94323200
2020-02-12,78.91915130615234,78.92397256512416,77.5370987782025,77.5370987782025,113730400
2020-02-13,78.35718536376953,78.68280077942906,77.99057083277162,78.19317418101016,94747600
2020-02-14,78.3764877319336,78.62491882489209,77.86997566415033,78.32583137266305,80113600
2020-02-18,76.94135284423828,77.12224944183446,75.88250122650535,76.06339782410153,152531200
2020-02-19,78.0556869506836,78.28482562119284,77.18256041371585,77.18256041371585,93984000
2020-02-20,77.2549057006836,78.30410746194534,76.75080805425196,77.81689526489554,100566000
2020-02-21,75.50625610351562,77.2911088758147,74.89121045948235,76.84971694338334,129554000
2020-02-24,71.91964721679688,73.3668197095871,69.76095266480475,71.697751556561,222195200
2020-02-25,69.48358917236328,72.96886672904328,69.01326241271661,72.58778111739974,230673600
2020-02-26,70.58586120605469,71.84731631381621,69.10251036153399,69.10974593206521,198054800
2020-02-27,65.9718017578125,68.98192476086734,65.83673284364053,67.80006808151072,320605600
2020-02-28,65.93318939208984,67.15123091808199,61.835280759075644,62.0499482580576,426510000
2020-03-02,72.0716323852539,72.70597777742344,66.98481977694166,68.08467075383604,341397200
2020-03-03,69.78268432617188,73.32343252495296,68.93367144924383,73.24384124809224,319475600
2020-03-04,73.01953887939453,73.1787288266117,70.70165316345202,71.50000984977326,219178400
2020-03-05,70.6510009765625,72.25012122741664,70.28679335490708,71.27810349342903,187572800
2020-03-06,69.7127456665039,70.14448773812289,67.83142342483487,68.01714133821001,226176800
2020-03-09,64.1989974975586,67.07404319923313,63.43440466648222,63.61530125773645,286744800
2020-03-10,68.82270050048828,69.08801693555726,64.97080933517347,66.84490246598337,285290000
2020-03-11,66.43248748779297,67.82901176054172,65.57141762175021,66.90523605779914,255598800
2020-03-12,59.871944427490234,65.12277030841098,59.81647050550341,61.731562932317935,418474000
2020-03-13,67.04511260986328,67.51544677339488,61.01040024313374,63.89027874713733,370732000
2020-03-16,58.41995620727539,62.488918914128035,57.88691260105301,58.35724302986641,322423600
2020-03-17,60.98868942260742,62.1343642760622,57.50100115086754,59.698292128180576,324056000
2020-03-18,59.49569320678711,60.298874658885616,57.19227545874743,57.83144573834236,300233600
2020-03-19,59.03982162475586,60.9838563519739,58.5164279428395,59.66934189293185,271857200
2020-03-20,55.29164505004883,60.74024926077328,54.99256137379153,59.61868823507124,401693200
2020-03-23,54.117027282714844,55.113165767293296,51.28056983554764,55.01186410993206,336752800
2020-03-24,59.546348571777344,59.741716345644676,56.51210862018161,57.00897078096802,287531200
2020-03-25,59.21832275390625,62.288740571318336,58.924063936740446,60.47977424301287,303602000
2020-03-26,62.334556579589844,62.392441135780366,59.420914919993635,59.459507077687796,252087200
2020-03-27,59.75377655029297,61.7146935301043,59.58735106071219,60.962164721931764,204216800
2020-03-30,61.459022521972656,61.630272940074015,60.154154031335516,60.47735878660068,167976400
2020-03-31,61.333595275878906,63.31139742053906,60.78125926146835,61.649564437343955,197002000
2020-04-01,58.106407165527344,59.99014337906341,57.67707948194542,59.454689089589124,176218400
2020-04-02,59.07600784301758,59.129071143668284,57.13920841031964,57.968921460111474,165934000
2020-04-03,58.226993560791016,59.26172040581901,57.638476083102184,58.56225508385467,129880000
2020-04-06,63.30657958984375,63.460940873525914,60.14933155714907,60.51594604650854,201820400
2020-04-07,62.573333740234375,65.53280661848255,62.46962146344631,65.31572482522255,202887200
2020-04-08,64.17487335205078,64.48842448399525,63.00748829000569,63.371688404036405,168895200
2020-04-09,64.6379623413086,65.1396529686526,63.84443465899032,64.8092164000513,161834800
2020-04-13,65.90666198730469,66.0152028927721,64.11698836636067,64.71515578008704,131022800
2020-04-14,69.23516082763672,69.5245983530926,67.06440146882377,67.53473560751405,194994800
2020-04-15,68.60322570800781,69.06149562848323,67.68668586705697,68.11359919874643,131154400
2020-04-16,69.14832305908203,69.51253053826382,68.10153570587103,69.31474850581405,157125200
2020-04-17,68.21009063720703,69.21105794148095,66.7773886485133,68.66595370665648,215250000
2020-04-20,66.79427337646484,67.93995209285313,66.77498097363504,67.04029751693926,130015200
2020-04-21,64.7296142578125,66.87143078398917,64.02049912791077,66.6374709301005,180991600
2020-04-22,66.59408569335938,67.02823469257027,65.65342462126695,65.99350383291697,116862400
2020-04-23,66.33600616455078,67.95684041674475,66.29741399655765,66.5386095259871,124814400
2020-04-24,68.2510757446289,68.26072562347866,66.81113863556433,66.85938066911224,126161200
2020-04-27,68.29932403564453,68.62976064968919,67.52267433285353,67.96888006089833,117087600
2020-04-28,67.19224548339844,68.94091302319053,67.10059736775176,68.76001638114307,112004800
2020-04-29,69.39917755126953,69.86709736755677,68.47298779881385,68.67559111709774,137280800
2020-04-30,70.86324310302734,71.03931848812404,69.54873189331651,69.93705315982548,183064000
2020-05-01,69.72237396240234,72.11744313333922,68.94572428038448,69.04220099303798,240616800
2020-05-04,70.70887756347656,70.83671089109956,69.05910113576175,69.74650982081866,133568000
2020-05-05,71.7701187133789,72.59983166411055,71.02241133373455,71.16713007829493,147751200
2020-05-06,72.51058959960938,73.14010619347668,72.08608325049667,72.46958313423785,142333600
2020-05-07,73.26072692871094,73.6056421260466,72.8338134962802,73.13530790467281,115215200
2020-05-08,75.00444793701172,75.05765488198482,73.59205412028582,73.91855094713767,133838400
2020-05-11,76.1846694946289,76.67803493373073,74.30550263769149,74.51349610684939,145946400
2020-05-12,75.31401824951172,77.31652289559408,75.1930940380801,76.86668099114186,162301200
2020-05-13,74.40465545654297,76.41200151515211,73.33084801811279,75.49297320787404,200622400
2020-05-14,74.86174011230469,74.92220219963244,72.92453247252323,73.64524321049535,158929200
2020-05-15,74.41917419433594,74.46512598393333,72.60531107010586,72.63917339112623,166348400
2020-05-18,76.17256164550781,76.54501020724649,75.05038903047435,75.73965837102512,135178400
2020-05-19,75.73240661621094,77.03354472425552,75.70096514534589,76.18949622469526,101729600
2020-05-20,77.20526123046875,77.27539194682277,76.5498468046985,76.58854343128702,111504800
2020-05-21,76.6296615600586,77.60673109306647,76.39264748790822,77.06740654244075,102688800
2020-05-22,77.12303924560547,77.20526681531915,76.26689384939174,76.3684660434856,81803200
2020-05-26,76.60065460205078,78.416931261963,76.54502680706055,78.23796578857532,125522000
2020-05-27,76.93439483642578,77.07950535982266,75.72031846461518,76.45796054995435,112945200
2020-05-28,76.96823120117188,78.22342462723567,76.33458975600101,76.61029301491585,133560800
2020-05-29,76.89327239990234,77.66960361164463,76.53775499591495,77.21009317848531,153532400
2020-06-01,77.83891296386719,77.95983717000007,76.71673278825261,76.84733299745191,80791200
2020-06-02,78.19925689697266,78.22344321190015,77.13270462012565,77.57287045767401,87642800
2020-06-03,78.6297378540039,78.8909382167243,77.94772370544388,78.51848967465142,104491200
2020-06-04,77.95256805419922,78.75066471951315,77.58011949942701,78.4531959492946,87560400
2020-06-05,80.17274475097656,80.23320685109042,78.172661136236,78.20168176339025,137250400
2020-06-08,80.64677429199219,80.68063661442805,79.16182879014318,79.87044290894595,95654400
2020-06-09,83.19343566894531,83.5852289286094,80.2960963197302,80.3275377952439,147712400
2020-06-10,85.33378601074219,85.800551637391,83.70130935970825,84.13905436012791,166651600
2020-06-11,81.23688507080078,84.90330810607846,81.1353128647156,84.4800733592576,201662400
2020-06-12,81.93824768066406,84.11488361837434,80.83058508428364,83.36999367827895,200146000
2020-06-15,82.95157623291016,83.60214898703789,80.43393362831908,80.59597529574442,138808800
2020-06-16,85.14996337890625,85.42083972922715,83.36996307483841,85.00001858358407,165428800
2020-06-17,85.03147888183594,85.95292070417966,84.91055468068187,85.89245860360263,114406400
2020-06-18,85.0653305053711,85.48131000026396,84.45828873010188,84.98793725501275,96820400
2020-06-19,84.57920837402344,86.23345026330821,83.4739596024441,85.76910554734732,264476000
2020-06-22,86.7921142578125,86.93480389547132,84.92504474201495,84.97099651794542,135445200
2020-06-23,88.64468383789062,90.05949829570565,87.61440740737248,88.03280774958151,212155600
2020-06-24,87.07994842529297,89.19128795647202,86.7074997623601,88.27468030535546,192623200
2020-06-25,88.23594665527344,88.27464327498684,86.47771189693108,87.2346983749564,137522400
2020-06-26,85.52485656738281,88.3520651420764,85.37732519563349,88.13198219774738,205256800
2020-06-29,87.49591827392578,87.59024269738883,84.9565099457261,85.43295161300391,130646000
2020-06-30,88.226318359375,88.51170516149259,87.06544866278962,87.08479329279324,140223200
2020-07-01,88.0594253540039,88.84543272516727,88.01106009800148,88.30369462192029,110737200
2020-07-02,88.0594253540039,89.59758515519175,87.94576368111557,88.96394347072363,114041600
2020-07-06,90.41502380371094,90.8817894339713,89.45246453610925,89.48390600830983,118655600
2020-07-07,90.13448333740234,91.5686426186408,90.02323513682953,90.79231129924504,112424400
2020-07-08,92.23371887207031,92.26516034352021,91.02205608216732,91.10912534007682,117092000
2020-07-09,92.6303482055664,93.1769205126767,91.58556145720479,93.12371357510385,125642800
2020-07-10,92.7923812866211,92.85042991453263,91.61700174534108,92.22645698371295,90257200
2020-07-13,92.36431121826172,96.69581637996168,92.1514834732687,94.09352557539032,191649200
2020-07-14,93.89280700683594,94.08386192882043,90.8164950630273,91.74760549870197,170989200
2020-07-15,94.53852844238281,96.01138416249864,93.34379687777705,95.7622806311285,153198000
2020-07-16,93.37522888183594,94.22895326500017,92.77786316008923,93.413925503642,110577600
2020-07-17,93.18660736083984,93.97986982567868,92.71500002379474,93.82509068603153,92186800
2020-07-20,95.15040588378906,95.28826123103211,92.9302395381322,93.27366748344572,90318000
2020-07-21,93.83719635009766,96.0138323479092,93.58809274779549,95.93885992065711,103433200
2020-07-22,94.10081481933594,94.78040838995652,93.45266272888264,93.53972463030362,89001600
2020-07-23,89.81765747070312,93.9121489972856,89.00988472288186,93.83475574009108,197004400
2020-07-24,89.59514617919922,89.93857411627435,86.23828958165114,88.02071829007306,185438800
2020-07-27,91.71859741210938,91.81050099759301,90.43196935722393,90.65446578253629,121214000
2020-07-28,90.21186065673828,91.46705425689517,90.20701896585531,91.29050229407278,103625600
2020-07-29,91.94109344482422,92.12490060025137,90.6568789640174,90.69315474979174,90329200
2020-07-30,93.0536117553711,93.15760481726485,90.71009969017368,91.11640331382533,158130000
2020-07-31,102.7952651977539,102.94521005285304,97.53747498112891,99.53031118808211,374336800
2020-08-03,105.38545227050781,107.99741233494379,104.37452761502963,104.67199645721692,308151200
2020-08-04,106.08924865722656,107.17756675090271,104.85339916181367,105.57411024531913,173071600
2020-08-05,106.47374725341797,106.79298888024711,105.34673293855269,105.81108506672477,121776800
2020-08-06,110.18853759765625,110.6819103626939,106.2173913049504,106.8050811008857,202428800
2020-08-07,107.6833267211914,110.1667423327947,106.88863402123575,109.71124638392962,198045600
2020-08-10,109.24848175048828,110.26365418298434,106.60515752548201,109.12491431547922,212403600
2020-08-11,105.99947357177734,109.01106826922617,105.7402273704399,108.51438797920729,187902400
2020-08-12,109.52227020263672,109.77909114067742,106.89348231283336,107.08730692473522,165598000
2020-08-13,111.4605484008789,112.46118443380263,110.41145251692377,110.8984466622293,210082000
2020-08-14,111.36119079589844,111.45083484959588,109.55616888260863,111.28608321610146,165565200
2020-08-17,111.07046508789062,112.50479236850128,110.44537442392807,112.48056244330753,119561600
2020-08-18,111.99598693847656,112.41998472569632,110.48897736471524,110.82333108852379,105633600
2020-08-19,112.13652801513672,113.54662553106043,112.04204090824149,112.40304243473437,145538000
2020-08-20,114.62479400634766,114.73866801271163,112.1607574830829,112.17771917197317,126907200
2020-08-21,120.53167724609375,121.01382096112869,115.56968878487616,115.58180005044522,338054800
2020-08-24,121.97325134277344,124.81040740037858,120.11250865643729,124.72559897540391,345937600
2020-08-25,120.97262573242188,121.31667291273054,119.25482982936344,120.84906568793242,211495600
2020-08-26,122.61772918701172,123.07322510919757,121.22216847119705,122.28580069310276,163022400
2020-08-27,121.15190124511719,123.55051548073467,120.01073632402604,123.218587014397,155552400
2020-08-28,120.95567321777344,122.54020825717129,120.73276826199735,122.12347869162592,187630000
2020-08-31,125.05752563476562,126.95704208405934,122.11135345489677,123.64259283625631,225702700
2020-09-01,130.0388946533203,130.63977010693876,126.50154782295441,128.6627208391991,151948100
2020-09-02,127.34471893310547,133.72164832942713,123.08051792791673,133.34368512573027,200119000
2020-09-03,117.14937591552734,124.86371200273943,116.7811062092152,122.99328312594758,257599600
2020-09-04,117.22689056396484,119.88232568427512,107.46767461539385,116.36435863736114,332607200
2020-09-08,109.33812713623047,115.3177056334054,109.20244843470786,110.4332501967872,231366600
2020-09-09,113.6992416381836,115.4630720645518,111.70282021985868,113.641095738678,176940500
2020-09-10,109.9874267578125,116.78108356496357,109.02798258139752,116.64540488926583,182274400
2020-09-11,108.5434341430664,111.6737525060593,106.6051585333688,111.03411800577045,180860300
2020-09-14,111.79972076416016,112.35212893319483,109.31873072694243,111.17947325485572,140150100
2020-09-15,111.97420501708984,115.16266991325175,110.10376838785008,114.67810091494026,184642000
2020-09-16,108.6694107055664,112.41997637221431,108.58219185919356,111.67374357548836,154679000
2020-09-17,106.93465423583984,108.73725101622504,105.3549623880546,106.33379357166754,178011000
2020-09-18,103.54267120361328,107.45798850796619,102.81581790836313,106.99280653960918,287104900
2020-09-21,106.68268585205078,106.78929159662262,99.91810106836907,101.31366180172101,195713800
2020-09-22,108.35928344726562,109.37688098586045,105.7910744674542,109.20243590478516,183055400
2020-09-23,103.81404876708984,108.65004455027305,103.47484460570544,108.17516907584385,150718700
2020-09-24,104.88011169433594,106.84746057911207,101.75948626582102,101.92423794523059,167743300
2020-09-25,108.8147964477539,108.96986205260443,104.3470703746047,105.08361720977464,149981400
2020-09-28,111.41207122802734,111.76096139819123,109.29935070600561,111.46053107152444,137672400
2020-09-29,110.56893920898438,111.75128862730942,110.06499075546874,111.01474914862773,99382200
2020-09-30,112.23584747314453,113.64110173479544,110.11344069592683,110.27819234917513,142675200
2020-10-01,113.18561553955078,114.0869140768239,112.25524404848423,114.00938127075119,116120400
2020-10-02,109.53195190429688,111.80943167027127,108.75664609356778,109.40596665096126,144712000
2020-10-05,112.904541015625,113.04991314807994,110.04558778439085,110.3944779447092,106243800
2020-10-06,109.6676254272461,112.53627212533412,108.78570657319916,112.12922867288654,161498200
2020-10-07,111.52837371826172,111.98386964245861,110.60768842209468,111.08257124183804,96849000
2020-10-08,111.42179870605469,112.80766636249689,111.05352152843882,112.6622941815399,83477200
2020-10-09,113.36004638671875,113.38911933685253,111.37331099631979,111.72220118579409,100506900
2020-10-12,120.56073760986328,121.31666387202866,115.59874966676792,116.35467592893329,240226800
2020-10-13,117.36260223388672,121.5202048546633,115.9573551882952,121.40390564086033,262330500
2020-10-14,117.44982147216797,119.23303161360833,115.9282753037238,117.26568290980406,150712000
2020-10-15,116.984619140625,117.45949457685697,114.50362881948811,115.0560370517392,112559200
2020-10-16,115.3467788696289,117.79870373934006,115.14326081684207,117.53703239008934,115393800
2020-10-19,112.40060424804688,116.70357101200219,112.09048045069933,116.257768515436,120639300
2020-10-20,113.88338470458984,115.30801845057066,112.06140091237076,112.6138091614312,124423700
2020-10-21,113.26313781738281,115.04634782768703,112.85609432030498,113.06930582021845,89946000
2020-10-22,112.17771911621094,114.39704593675428,111.0535155310543,113.82525069425265,101988000
2020-10-23,111.48963165283203,112.9530320407279,110.75308473393972,112.79796641825128,82572600
2020-10-26,111.49931335449219,112.95302013932815,109.39627858637218,110.49140909640037,111850700
2020-10-27,113.00146484375,113.66047883675716,111.00504336225823,111.92572130525396,92276800
2020-10-28,107.76811981201172,111.86757593688382,107.67120751132958,111.49930623671789,143937800
2020-10-29,111.76097869873047,113.32129125851726,108.73726588721904,108.90202494425338,146129200
2020-10-30,105.50035095214844,108.53374987611883,104.39553435267372,107.63245134560678,190272600
2020-11-02,105.41313171386719,107.26418875001484,104.00788464199921,105.74264246216923,122866900
2020-11-03,107.03157806396484,108.0491682897085,105.37435335866708,106.27565178371685,107624400
2020-11-04,111.40238189697266,112.02262946819745,108.88262521463015,110.6173826820644,138235500
2020-11-05,115.35646057128906,115.92825566569405,113.26312696012087,114.309790068738,126387100
2020-11-06,115.22541046142578,115.7205180962264,112.74013248938302,114.86620819105919,114457900
2020-11-09,112.92459106445312,118.4290806298261,112.66247568801708,116.98257616030648,154515300
2020-11-10,112.58479309082031,114.15749993877138,110.79849953418882,112.17705482703222,138023400
2020-11-11,116.0020523071289,116.13796507649292,113.04108708119541,113.7691943770842,112295000
2020-11-12,115.73023223876953,117.011700843839,115.10891457611105,116.1282678012146,103162300
2020-11-13,115.77877044677734,116.17679858450585,114.42934551492606,115.95351649440437,81581900
2020-11-16,116.78842163085938,117.45827535475047,114.70117908437909,115.44869936969526,91183000
2020-11-17,115.90499114990234,117.14762661304611,115.48754260462515,116.06032428614111,74271000
2020-11-18,114.58468627929688,116.32243681277677,114.55556316864666,115.14775777417243,76322100
2020-11-19,115.1768569946289,115.58459527254094,113.40027354655376,114.15750389315893,74113000
2020-11-20,113.91483306884766,115.30309155816464,113.86629701660235,115.17688893429653,73604300
2020-11-23,110.52669525146484,114.1866523784184,110.42961575192224,113.75949369240169,127959300
2020-11-24,111.80817413330078,112.46832515996194,109.30348281979012,110.58495899509562,113874200
2020-11-25,112.64307403564453,113.34205836437563,111.80817691040372,112.17708942095175,76499200
2020-11-27,113.18670654296875,114.06043680969468,112.82751167148025,113.16729360668182,46691300
2020-11-30,115.57490539550781,117.4388583652438,113.40028619079179,113.5556193082818,169410200
2020-12-01,119.13778686523438,119.86589425816237,116.50689304092421,117.47770289816154,127728200
2020-12-02,119.48727416992188,119.76880990592802,117.36119829848747,118.45821072635326,89004200
2020-12-03,119.35137939453125,120.16685620942218,118.64268486156841,119.91444354480213,78967600
2020-12-04,118.6815185546875,119.27371322753666,117.97282401930184,119.02130056205368,78260400
2020-12-07,120.1376953125,120.93375893668696,118.68148082386364,118.73972703326832,86712000
2020-12-08,120.74929809570312,121.3317897941475,119.49695279475112,120.73959533230143,82225500
2020-12-09,118.2252197265625,122.27349493369557,117.46798924542293,120.89494675486756,115089200
2020-12-10,119.6426010131836,120.25421594451468,116.64280220277539,116.98258416090866,81312200
2020-12-11,118.83685302734375,119.17663503849157,117.0311458747384,118.85626596796976,86939800
2020-12-14,118.2252197265625,119.74939086099992,117.99222744160214,119.021283489644,79184500
2020-12-15,124.14712524414062,124.16654558330207,120.50658935373902,120.7104584747988,157243700
2020-12-16,124.0792007446289,124.62285187377786,122.86568846942772,123.69088274191743,98208600
2020-12-17,124.9432144165039,125.79753175425047,124.30247641319399,125.13737340779682,94359800
2020-12-18,122.96277618408203,125.33155453096758,122.43853798895042,125.19564174778804,192541500
2020-12-21,124.48693084716797,124.56459740524315,119.84646139919089,121.37063241963554,121251600
2020-12-22,128.0304412841797,130.48658966277313,125.86552408614152,127.76831840829334,168904800
2020-12-23,127.13726043701172,128.5643372428869,126.9625069666015,128.30222925734495,88223700
2020-12-24,128.11773681640625,129.56424837102043,127.27313725268434,127.48671653761738,54930100
2020-12-28,132.70001220703125,133.33103273857998,129.61282891491868,130.07882834872916,124486200
2020-12-29,130.93313598632812,134.73870929323533,130.41860788701317,134.0203193956025,121047300
2020-12-30,129.816650390625,132.02039215201575,129.50598423334625,131.62235669301901,96452100
2020-12-31,128.8167724609375,130.80693578751612,127.87508564026446,130.16619767612093,99116600
2021-01-04,125.63249969482422,129.70989788960378,123.05985224509121,129.62252856286995,143301900
2021-01-05,127.1857681274414,127.89446984433803,124.6810774289331,125.12765639008194,97664900
2021-01-06,122.90453338623047,127.22464193893974,122.69095402050523,123.99184315415357,155088000
2021-01-07,127.0984115600586,127.78769300515185,124.12773607491964,124.61314095323335,109578200
2021-01-08,128.1954345703125,128.75850602101508,126.42855365810287,128.56433221406948,105158200
2021-01-11,125.2150650024414,126.37033122968266,124.74908036749336,125.41894161275994,100384500
2021-01-12,125.04031372070312,125.90433390902683,123.15694021026238,124.7490677981864,91951100
2021-01-13,127.06929779052734,127.61294892404966,124.73936012875102,125.00146811666775,88636800
2021-01-14,125.14708709716797,127.1760758978846,125.00145674818756,126.9819169126251,90221800
2021-01-15,123.42875671386719,126.41885265934873,123.29284393513538,125.02088418474625,111598500
2021-01-19,124.09862518310547,124.9529425933155,123.23460500719132,124.05008172781939,90757300
2021-01-20,128.176025390625,128.62260444676102,124.79761120554318,124.9044008833116,104319500
2021-01-21,132.87472534179688,135.59299559628155,129.6904705564632,129.89434712123654,120150900
2021-01-22,135.0105743408203,135.76780507089788,131.0787902802562,132.30200573344598,114459400
2021-01-25,138.74815368652344,140.85480946109453,132.55438158085332,138.89378406433565,157611700
2021-01-26,138.9811248779297,140.08784738058793,137.24336716103608,139.40828353042602,98390600
2021-01-27,137.91322326660156,140.08784232197448,136.31139319096383,139.24322781199024,140843800
2021-01-28,133.08828735351562,137.84526338322206,132.709672193958,135.44736243489726,142621100
2021-01-29,128.1080780029297,132.7485480341253,126.40916071663973,131.86510749004256,177523800
2021-02-01,130.2244110107422,131.42822035718712,127.10810539305974,129.84579582479762,106239800
2021-02-02,131.0496063232422,132.33106742025004,130.6806938981219,131.76799601841705,83305400
2021-02-03,130.03028869628906,131.806872704572,129.70991963118382,131.79715512438477,89880900
2021-02-04,133.37957763671875,133.38928040334213,130.66130683037125,132.32139835278772,84183100
2021-02-05,132.96632385253906,133.60801926205087,132.09129544721642,133.53996875011137,75693800
2021-02-08,133.11219787597656,133.1608138714623,131.1773940055882,132.25660382908822,71297200
2021-02-09,132.23716735839844,134.055304885325,132.08161692740265,132.8302469559109,76774200
2021-02-10,131.63433837890625,133.1899609934861,130.67179521713933,132.69409868188646,73046600
2021-02-11,131.3815460205078,132.6065887223786,130.0592713492993,132.13017580944882,64280000
2021-02-12,131.61489868164062,131.77046392162595,129.98150816834826,130.62320365664934,60145100
2021-02-16,129.495361328125,132.2371278628611,129.10644827799214,131.73156315096224,80576300
2021-02-17,127.2105484008789,128.5522725131688,125.87855638741323,127.60917872924279,97918500
2021-02-18,126.1119155883789,126.39386460486962,123.8757134782661,125.61605324019762,96856700
2021-02-19,126.26744842529297,127.08415840410441,125.22713755275306,126.62719484726894,87668800
2021-02-22,122.50482177734375,126.1216319880877,122.11591609767342,124.45906002205308,103916400
2021-02-23,122.36870574951172,123.1951256816812,115.10591870921408,120.32696020598745,158273000
2021-02-24,121.87284088134766,122.07701467726875,118.83939315022482,121.4742179705755,111039900
2021-02-25,117.63380432128906,122.952070827566,117.19629003176654,121.22144819930787,148199500
2021-02-26,117.89630889892578,121.38672049171518,117.83796822554648,119.18940971098537,164560400
2021-03-01,124.24516296386719,124.38127883253527,119.38386074641136,120.31722988203185,116307900
2021-03-02,121.64923095703125,125.14936711599789,121.5422817134225,124.84796874824156,102260900
2021-03-03,118.67412567138672,122.22287832128721,118.46022715397075,121.34784230356715,112966300
2021-03-04,116.79766082763672,120.17140622773192,115.32955269233915,118.37272563793533,178155000
2021-03-05,118.0518569946289,118.55743656088569,114.30865590625393,117.62406745905575,153766600
2021-03-08,113.13223266601562,117.6435208042625,112.98639210708664,117.57546286579684,154376600
2021-03-09,117.73102569580078,118.67411961018901,115.4948308955723,115.72817134912674,129525800
2021-03-10,116.65180206298828,118.78104722203169,116.13649783770954,118.31436639995009,111943300
2021-03-11,118.57688903808594,119.79221465640565,117.89630965893046,119.14080190524842,103026500
2021-03-12,117.67269134521484,117.80880722667213,115.8545688924242,117.06016987865702,88105100
2021-03-15,120.55057525634766,120.56029993815383,117.07960562741921,118.04214884674406,92403800
2021-03-16,122.08674621582031,123.69097746560344,121.26032630464678,122.21313740579694,115227900
2021-03-17,121.29922485351562,122.36870994462072,118.94634875177347,120.60892077273179,111932600
2021-03-18,117.18655395507812,119.76304569936237,116.98238014530207,119.47136458953443,121229700
2021-03-19,116.66154479980469,118.06160240727854,116.3601463939911,116.57404490821733,185549500
2021-03-22,119.96721649169922,120.43390477213393,116.92404394954326,116.99210188442348,111912300
2021-03-23,119.14079284667969,120.79363259482143,118.75188719483505,119.90887946918929,95467100
2021-03-24,116.75875854492188,119.49081556265351,116.73931659895885,119.41303294328375,88530500
2021-03-25,117.2448959350586,118.28522184257633,115.69900522410137,116.22402681020739,98844700
2021-03-26,117.84769439697266,118.11020888610055,115.62121696029041,117.0115497729694,94071200
2021-03-29,118.02272033691406,119.17971289024223,117.3810321617412,118.27551018422949,80819200
2021-03-30,116.57402038574219,117.0601505729907,115.56286870613435,116.7781941742556,85671900
2021-03-31,118.76162719726562,120.0936193981419,117.78936665110342,118.27549692418452,118323800
2021-04-01,119.58802795410156,120.73529551085936,119.0921730782952,120.22972337194014,75089100
2021-04-05,122.40760040283203,122.6603902138714,119.65610136330406,120.433912742921,88651200
2021-04-06,122.70899200439453,123.6034698490668,122.16452851942161,122.99094842847227,80171300
2021-04-07,124.35211944580078,124.37156139198876,121.66867838856395,122.33954050731289,83466700
2021-04-08,126.74388122558594,126.77304785417073,124.95492543996741,125.3729903400282,88844600
2021-04-09,129.3106689453125,129.34955284443396,125.87858997142516,126.199437772379,106686700
2021-04-12,127.59949493408203,129.1648351971554,127.00641533538912,128.84398739764742,91420000
2021-04-13,130.70098876953125,130.9246193949784,128.27033720569543,128.7661996194506,91266500
2021-04-14,128.36756896972656,131.2551842091699,128.0078372862974,131.19685094542675,87222800
2021-04-15,130.76902770996094,131.2551579244961,129.93288314753977,130.10789773924117,89347100
2021-04-16,130.43849182128906,130.93433940993674,129.5828977054859,130.57460771830137,84922400
2021-04-19,131.0996551513672,131.71218426085653,129.64126381298215,129.8065463844029,94264200
2021-04-20,129.4176025390625,131.7704712922572,128.15366085563892,131.27462375202614,94812300
2021-04-21,129.7967987060547,130.0398638721709,127.65782821133615,128.6884221419856,68847100
2021-04-22,128.28005981445312,130.42874732999832,127.7647629078915,129.3495375220918,84566500
2021-04-23,130.5940399169922,131.37183646308597,128.49395363729542,128.49395363729542,78657500
2021-04-26,130.98294067382812,131.3135056957382,129.85511489088012,131.08988992627178,66905100
2021-04-27,130.662109375,131.65381940116677,130.38987757731036,131.26490623623846,66015800
2021-04-28,129.87452697753906,131.27458412202594,129.38839684878747,130.58427281157245,107760100
2021-04-29,129.77734375,133.2677706601101,128.775916495569,132.68440835234537,151101000
2021-04-30,127.8133773803711,129.8551156172827,127.4341963624076,128.1244930393449,109839500
2021-05-03,128.86343383789062,130.3510064405411,128.1731370102802,128.3773034607761,75135100
2021-05-04,124.30350494384766,127.84254003096058,123.18540387178189,127.55085891033158,137564700
2021-05-05,124.54658508300781,126.83138852361431,124.42018646140798,125.61606280982821,84000900
2021-05-06,126.14108276367188,126.15080002789722,123.60347484441658,124.34239490228468,78128300
2021-05-07,126.81306457519531,127.83566009725462,126.10209824713681,127.436367545342,78973300
2021-05-10,123.54074096679688,126.16055930554575,123.50178359349738,126.03396084545095,88071200
2021-05-11,122.62527465820312,122.97587617421408,119.5671838636692,120.2781429577982,126142800
2021-05-12,119.56715393066406,121.38837175558095,119.06072304066647,120.18072314838845,112172300
2021-05-13,121.70979309082031,122.85900963548862,121.01831640984287,121.32996797634482,105861300
2021-05-14,124.12506866455078,124.55359227820217,122.56681111085221,122.95637735686638,81918000
2021-05-17,122.975830078125,123.61861538231673,121.90452866816221,123.51148449828477,74244600
2021-05-18,121.59290313720703,123.67707407576847,121.5247295992301,123.25829164809352,63342900
2021-05-19,121.43708801269531,121.66108360866002,119.65482729355216,119.94700386173781,92612000
2021-05-20,123.98873138427734,124.38803886132331,121.83638680726905,121.96300011967811,76857100
2021-05-21,122.15777587890625,124.66072928690556,121.94351406158702,124.48542483913151,79295400
2021-05-24,123.78421783447266,124.60230780549196,122.65448374065255,122.72265728570756,63092900
2021-05-25,123.58944702148438,124.97240785106588,123.02457621999051,124.48544437052729,72009500
2021-05-26,123.54074096679688,124.06665436080144,123.12195849177618,123.64787188578073,56575900
2021-05-27,122.0116958618164,124.3101288080937,121.81691643126096,123.1414373640431,94625600
2021-05-28,121.35916900634766,122.51812660764142,121.30073666690714,122.29412358918856,71311100
2021-06-01,121.03777313232422,122.07985859728936,120.70664664362424,121.81690564628397,67637100
2021-06-02,121.79743957519531,121.97274404282008,120.81379374664016,121.0377893589411,59278900
2021-06-03,120.31706237792969,121.59288443397801,119.91775498094397,121.42732121440905,76229200
2021-06-04,122.60578155517578,122.86874195718396,120.61900017592295,120.83326200560104,75169300
2021-06-07,122.6155014038086,123.02454259085992,121.57341603849724,122.87845432966799,71057600
2021-06-08,123.43360137939453,125.10873859219605,122.91742922255409,123.29725429760116,74403800
2021-06-09,123.81343841552734,124.41726657205889,123.21935146016743,123.89135316418162,56877900
2021-06-10,122.82002258300781,124.8457609909566,122.65445935370101,123.70627849251187,71186400
2021-06-11,124.02767181396484,124.11532774368726,122.81028200929232,123.22906439931397,53522400
2021-06-14,127.0760269165039,127.13445925571631,123.75499103493249,124.48542499652146,96906500
2021-06-15,126.2579574584961,127.19291956440452,126.01447944620644,126.55013404538738,62746300
2021-06-16,126.7546157836914,127.47531587099556,125.10871731225251,126.96887757016792,91815000
2021-06-17,128.35186767578125,129.0920503743114,126.26769639966578,126.41379212945316,96721700
2021-06-18,127.05657196044922,128.07916771937423,126.84231012163941,127.3000499717587,108953300
2021-06-21,128.84857177734375,128.955702701089,125.83918700220758,126.90074760795298,79663300
2021-06-22,130.4847412109375,130.58213836687776,128.18630802151114,128.6830127117991,74783600
2021-06-23,130.21205139160156,130.81588702946803,129.75431149256474,130.2802323751994,60214200
2021-06-24,129.92955017089844,131.12745727834474,129.46206190301214,130.94241169656203,68711000
2021-06-25,129.63743591308594,130.3970861369589,129.34525932066123,129.97831108103458,70783700
2021-06-28,131.26385498046875,131.72159479819973,129.87116798746578,129.9296003283306,62111300
2021-06-29,132.7734375,132.92926700154416,130.84509571572818,131.28335318569188,64556100
2021-06-30,133.386962890625,133.8252202160753,132.32538776453424,132.61756426840589,63261400
2021-07-01,133.6888885498047,133.74732088516166,132.21827209331306,133.03636937045857,52485800
2021-07-02,136.30874633789062,136.34769628382654,134.15639402212219,134.30247489528134,78852600
2021-07-06,138.3149871826172,139.41549764354806,136.4158617440288,136.4158617440288,108181800
2021-07-07,140.79847717285156,141.11012131228122,138.93830152510142,139.79533405407227,104911600
2021-07-08,139.50314331054688,140.3017433261173,137.00018264096806,137.88644602005195,105575500
2021-07-09,141.32435607910156,141.8502619651795,138.92852627188464,139.02592340594762,99890800
2021-07-12,140.7302703857422,142.5027971874123,140.24331443285035,142.39566628334748,76299700
2021-07-13,141.84054565429688,143.61307265954179,139.882987848704,140.2725467114718,100827100
2021-07-14,145.25897216796875,145.66802829472786,143.82732030646622,144.23637643322533,127050800
2021-07-15,144.60646057128906,146.08681108461445,143.2527233830004,145.3466432583112,106820300
2021-07-16,142.5709686279297,145.85304711779946,142.0742788872529,144.58697348148013,93251400
2021-07-19,138.73374938964844,140.31149679803218,137.97409928442224,139.99983785193092,121434600
2021-07-20,142.33721923828125,143.26244743833868,139.23045273850917,139.717408691922,96350000
2021-07-21,141.60678100585938,142.31774737595725,140.85687956010295,141.73339430532917,74993500
2021-07-22,142.97024536132812,144.33371584309756,142.0060673959038,142.13268067660871,77338200
2021-07-23,144.6843719482422,144.8402014430063,143.0871567787064,143.700726126391,71447400
2021-07-26,145.10316467285156,145.92124724515625,143.84680978043045,144.40194679352788,72434100
2021-07-27,142.94107055664062,145.31741825019225,141.7528967098648,145.22975487472473,104818600
2021-07-28,141.19775390625,143.13584408542147,138.82140631068384,141.0321906538661,118931200
2021-07-29,141.84054565429688,142.72680915691933,140.80820129331602,140.91533220968486,56699500
2021-07-30,142.05484008789062,142.51258003008667,140.35049366588626,140.6134541319975,70440600
2021-08-02,141.7237091064453,143.11639643503634,141.4607486484721,142.54179179711645,62880000
2021-08-03,143.5156707763672,144.17792379335657,141.3925349204239,142.00610422671278,64786600
2021-08-04,143.1163330078125,143.93441533592062,142.46381389891334,143.42799191035715,56368300
2021-08-05,143.22349548339844,143.98314564998552,142.35671440302508,143.14558074057953,46397700
2021-08-06,142.54074096679688,143.48685218422662,142.0433070322341,142.74557545925379,54126800
2021-08-09,142.49197387695312,143.0869508994325,141.936020036627,142.59926530339968,48908700
2021-08-10,142.01397705078125,144.0720097821986,141.72136287000154,142.833284850584,69023100
2021-08-11,142.2676239013672,143.10644361120174,141.94574966449076,142.45294678468827,48493500
2021-08-12,145.2230224609375,145.37908543032157,142.24813722010816,142.58952310526286,72282600
2021-08-13,145.42784118652344,145.75946379823836,144.6182813640554,145.30103817728678,59375000
2021-08-16,147.39808654785156,147.46636967362969,142.86261655746753,144.88162714158625,103296000
2021-08-17,146.4910125732422,147.94430623200614,145.41809822926902,146.53002087530285,92229700
2021-08-18,142.75534057617188,147.00795993561067,142.5505060596621,146.11062014748856,86326000
2021-08-19,143.08694458007812,144.35493005036025,140.94113102889904,141.45807654722455,86960300
2021-08-20,144.54025268554688,144.84261535990314,143.16497579607238,143.80872432514332,60549600
2021-08-23,146.0228271484375,146.4910011515847,144.24764444190524,144.65729855503196,60131800
2021-08-24,145.93504333496094,147.14450905669656,145.47661765156835,145.76923200651873,48606400
2021-08-25,144.7060546875,146.6177885615759,144.15984926147306,146.12033978338724,58991300
2021-08-26,143.90626525878906,145.4473535938561,143.87700531241939,144.69632845972228,48597200
2021-08-27,144.94017028808594,145.08647001894514,143.2137590490284,143.84774439339665,55802400
2021-08-30,149.3488006591797,149.7096980445359,144.94988286885493,145.3302769581914,90956700
2021-08-31,148.0906219482422,149.03673327230263,147.56391312712373,148.90018188960238,86453100
2021-09-01,148.75387573242188,151.163044100905,148.5880643927795,149.06600170091482,80313700
2021-09-02,149.86578369140625,150.9094380524186,148.64656965264444,150.08036655286702,71115500
2021-09-03,150.499755859375,150.82163009154993,149.31955034140017,149.9730471583683,57808700
2021-09-07,152.8309326171875,153.38688652354213,150.58757563240493,151.15329277694906,82278300
2021-09-08,151.2898406982422,153.17230013553674,150.1876663830064,153.1137802396808,74420200
2021-09-09,150.2754364013672,152.26518694823613,150.15838174591684,151.66046161317462,57305700
2021-09-10,145.30104064941406,151.65070144497142,145.03768627305047,151.1825274626448,140893200
2021-09-13,145.8667449951172,147.69068411470718,145.0864451705449,146.9201475258426,102404300
2021-09-14,144.4719696044922,147.34932639599026,143.2917788504928,146.64705797915482,109296300
2021-09-15,145.35952758789062,145.75943323857632,142.76503735858526,144.90110206305175,83281300
2021-09-16,145.12547302246094,145.30104757606733,143.59414799108714,144.78410203525485,68034100
2021-09-17,142.46270751953125,145.15474141357228,142.17009319848557,145.15474141357228,129868800
2021-09-20,139.41954040527344,141.272739448902,137.79067253613061,140.25836010441694,123478900
2021-09-21,139.89749145507812,141.03868891632874,139.26350609481372,140.3851770808151,75834000
2021-09-22,142.25784301757812,142.82354500795793,140.1607867810486,140.89231491130772,76404300
2021-09-23,143.2137451171875,143.457587900221,142.0530510886709,143.03817057425258,64838200
2021-09-24,143.301513671875,143.8379707289355,141.97500844122595,142.0725514999574,53477900
2021-09-27,141.78970336914062,142.36518367517027,140.2778899497781,141.8872464401241,74150700
2021-09-28,138.41493225097656,141.18498292082313,138.20034939372246,139.72192610299075,108972300
2021-09-29,139.312255859375,140.89235227723765,138.53195600356045,138.96112166840754,74602000
2021-09-30,138.0150604248047,140.82413496844498,137.80047751477733,140.1218663325349,89056700
2021-10-01,139.1366729736328,139.40002732180153,135.68386603878685,138.40514469326044,94639600
2021-10-04,135.71311950683594,138.70751560218017,134.8645515046284,138.26858674850567,98322000
2021-10-05,137.63461303710938,138.73678711480215,135.9277136552574,136.0545166576062,80861100
2021-10-06,138.50271606445312,138.6490157972431,134.9621137010957,136.03502801816884,83221100
2021-10-07,139.76092529296875,140.66802820004892,139.20497147758243,139.53659409609236,61732700
2021-10-08,139.38055419921875,140.62902828496263,139.048931525846,140.48272854170557,58773200
2021-10-11,139.29275512695312,141.2434974770439,138.31738395190774,138.76606124094116,64452200
2021-10-12,138.02476501464844,139.72191616043952,137.56633938704366,139.7024045703548,73035900
2021-10-13,137.43955993652344,137.9174823014052,135.77166862906188,137.76143421982243,78762700
2021-10-14,140.2193603515625,140.33641501765865,138.02477512030043,138.61000380183043,69907100
2021-10-15,141.2727813720703,141.3313012712168,139.9755357033759,140.22914177699147,67940300
2021-10-18,142.94064331054688,143.22349439217342,139.63413574665708,139.91698682828363,85589200
2021-10-19,145.09619140625,145.4960971069184,142.94062972963636,143.38929207620686,76378900
2021-10-20,145.58389282226562,146.0618300447265,144.47197030405582,145.03768735830047,58418800
2021-10-21,145.79844665527344,145.95450958049068,144.22809881735165,145.14494989927837,61421000
2021-10-22,145.02789306640625,146.48118609776577,144.9791215476474,146.00326390967163,58883400
2021-10-25,144.97915649414062,145.69117321411855,143.98427382696465,145.0181647887637,50720600
2021-10-26,145.64242553710938,147.12497895180522,145.34004798248478,145.6521738906202,60893400
2021-10-27,145.18399047851562,146.04230690415662,144.83285629616836,145.68142436893194,56094900
2021-10-28,148.81236267089844,149.39757634919977,146.0325493292803,146.1300923838208,100077900
2021-10-29,146.11062622070312,146.247177609724,142.80411805235417,143.59416643761676,124953200
2021-11-01,145.29132080078125,146.01308606451772,144.15988647877995,145.32058075023082,74588300
2021-11-02,146.3251495361328,147.8369774382172,144.98888125575905,144.99864449006242,69122000
2021-11-03,147.75897216796875,148.22714612515688,146.1301042293714,146.68605801297326,54511500
2021-11-04,147.24200439453125,148.67578599123124,146.92987854832478,147.8467296178319,60394600
2021-11-05,147.76950073242188,148.66815006608644,146.57781000839395,148.36534609443586,65463900
2021-11-08,146.94900512695312,148.0527879681065,146.67550378830177,147.89649723038997,55020900
2021-11-09,147.31036376953125,147.91597153908737,146.5777679561521,146.71451857846154,56787900
2021-11-10,144.4874725341797,146.64619541359409,144.41910465453822,146.53874739869644,65187100
2021-11-11,144.4386444091797,145.96244193460964,144.25305100972494,145.50336208425588,41000000
2021-11-12,146.5094451904297,146.9099196974308,144.0576809080353,144.9856329096499,63804000
2021-11-15,146.51919555664062,148.3555742437889,145.9624154592678,146.88060480284193,59222800
2021-11-16,147.49598693847656,147.97462166575806,145.87450429964008,146.46058703081326,59256200
2021-11-17,149.92823791503906,151.40319268452978,147.48625093625634,147.4960135184774,88807000
2021-11-18,154.20655822753906,154.98799688592075,149.4984160214015,150.1431040324191,137827700
2021-11-19,156.82437133789062,157.28346597858675,152.89765298958213,153.9916581394781,117305600
2021-11-22,157.28346252441406,161.85485386154411,157.26392246010866,157.92813559947206,117467900
2021-11-23,157.66441345214844,158.0453627342285,155.36894027506222,157.3811346832133,96041900
2021-11-24,158.18212890625,158.3774848564214,155.9354982175197,157.01974088138022,69463600
2021-11-26,153.17115783691406,156.72668956141257,152.73160325073675,155.86712045424656,76959800
2021-11-29,156.5216064453125,157.44955853817083,155.10524204048522,155.67178482147494,88748200
2021-11-30,161.46414184570312,161.67903783874624,156.20898240534294,156.27736517799391,174048100
2021-12-01,160.94644165039062,166.3481143018466,160.7120055934647,163.59354652559932,152052500
2021-12-02,159.95989990234375,160.38969196905754,154.13821164787007,155.05640108044867,136739200
2021-12-03,158.08450317382812,161.13211378519816,156.01370249158006,160.21392407749673,118023100
2021-12-06,161.48370361328125,163.98429560873123,160.4678287996897,160.47759138079394,107497000
2021-12-07,167.2077178955078,167.5984447377344,164.43362438687151,165.15645786646198,120405400
2021-12-08,171.0172119140625,171.87679598965886,166.7388465074218,168.13567063026588,116998900
2021-12-09,170.50926208496094,172.64844463234323,169.8841141404718,170.85114615502485,108923700
2021-12-10,175.2857666015625,175.46159735855395,170.6362302385688,171.14416754190958,115402700
2021-12-13,171.66189575195312,177.9036129181879,171.45676231906222,176.91704079075095,153237000
2021-12-14,170.28460693359375,173.6154801461527,168.21380712036787,171.1832561903654,139380400
2021-12-15,175.13929748535156,175.33465344975855,168.31149697974806,171.04652519555987,131063300
2021-12-16,168.2626190185547,176.93655914468357,166.78766465581225,175.11972073731067,150185800
2021-12-17,167.16864013671875,169.44457351876034,165.75229083845704,165.98671202152144,195432700
2021-12-20,165.8109130859375,166.6216545378973,163.5740596088574,164.37502357405398,107499100
2021-12-21,168.97572326660156,169.18084181030284,165.1955175809284,167.57889907243998,91185900
2021-12-22,171.56417846679688,171.77907444050894,168.15516043354702,169.02450690730925,92135300
2021-12-23,172.18936157226562,172.74614168304623,171.2028043307869,171.76934702247985,68356600
2021-12-27,176.14541625976562,176.23332421872217,172.961070429452,172.98059559497133,74919600
2021-12-28,175.12948608398438,177.12215528727302,174.38712760111903,175.97930746687297,79144300
2021-12-29,175.2174072265625,176.43840038673264,174.0061766459811,175.16856451921535,62348900
2021-12-30,174.06478881835938,176.3798020768136,173.95734081982604,175.30532209148024,59773000
2021-12-31,173.44943237304688,175.0709001571645,173.14661351296067,173.9573548573712,64062300
2022-01-03,177.786376953125,178.63619837680892,173.5861721636794,173.70338274431063,104487900
2022-01-04,175.530029296875,178.69484993569185,174.9634865026278,178.392045920856,99310400
2022-01-05,170.86094665527344,175.98911941613642,170.58744530040389,175.44211670639731,94537600
2022-01-06,168.0086669921875,171.23209207239668,167.65702034880644,168.6924202141222,96904000
2022-01-07,168.1747283935547,170.09901499255682,167.06118311991872,168.8780217142409,86709100
2022-01-10,168.19427490234375,168.4970788622131,164.2675561955421,165.1564429133354,106765600
2022-01-11,171.0172119140625,171.1148824378415,166.85607200254188,168.32126400156088,76138300
2022-01-12,171.456787109375,173.06849253983535,170.76327115991117,172.03309245435602,74805200
2022-01-13,168.19427490234375,172.52146809219963,167.80354809549323,171.70096415486904,84505800
2022-01-14,169.05384826660156,169.7473640846977,167.1197842307582,167.36398288031089,80440800
2022-01-18,165.8597412109375,168.53614912039677,165.47879187832885,167.53005178287384,90956700
2022-01-19,162.37258911132812,167.11004966883394,162.08932518842298,166.0551095373263,94815000
2022-01-20,160.69247436523438,165.74250066133902,160.3701303584997,163.10515822088573,91420500
2022-01-21,158.64125061035156,162.47028452383861,158.5338025837486,160.60460283678086,122848900
2022-01-24,157.8695526123047,158.53378075020058,151.11013516388041,156.30669005524535,162294600
2022-01-25,156.07225036621094,158.98309429431202,153.37630245676536,155.29081165334586,115798400
2022-01-26,155.98435974121094,160.57529219502064,154.15775828454986,159.70594544292626,108275300
2022-01-27,155.52523803710938,160.03802433796415,154.60704872462142,158.68028043462846,121954600
2022-01-28,166.37742614746094,166.39696621279427,159.02216399560837,161.86463986114418,179935700
2022-01-31,170.72418212890625,170.93907816240107,165.57646971606974,166.2113952349244,115541600
2022-02-01,170.55812072753906,170.78277933201363,168.31148996868112,169.9720379540269,86213900
2022-02-02,171.75955200195312,171.79863213102016,169.30780301992357,170.69484950775998,84914300
2022-02-03,168.88772583007812,172.1502300679154,168.12582748053535,170.4310625881693,89418100
2022-02-04,168.60418701171875,170.27664070855118,166.93173331488632,167.90977257243412,82465400
2022-02-07,167.8902130126953,170.1299162190593,167.19579861278513,169.0638570704662,77251200
2022-02-08,170.99058532714844,171.49916986063508,167.66524328351184,167.95865801143464,74829200
2022-02-09,172.40875244140625,172.77062217708496,171.05905354274313,172.1838075995271,71285000
2022-02-10,168.34010314941406,171.6263154743887,167.78262856301606,170.31574652168356,90865900
2022-02-11,164.9365234375,169.27901969811438,164.34969397169522,168.545490327705,98670700
2022-02-14,165.17127990722656,165.85590442480958,162.9022215932997,163.69443102962404,86185500
2022-02-15,168.99537658691406,169.1518664311418,166.5111637354937,167.2153531108256,62527400
2022-02-16,168.76065063476562,169.53329496166765,166.31555287107355,168.0760262456703,61177400
2022-02-17,165.17127990722656,168.13473775909648,164.7702802170368,167.27405840916626,69589300
2022-02-18,163.6259765625,166.7948143179217,162.54035235125863,166.09063975736873,82772700
2022-02-22,160.7113800048828,163.02932772220805,158.58902218443671,161.35687442039574,91162800
2022-02-23,156.55474853515625,162.50121399005073,156.24176881453315,161.90460945584556,90009200
2022-02-24,159.16610717773438,159.27369208830245,148.66196063900136,149.22922517438823,141147500
2022-02-25,161.22975158691406,161.4938113988268,157.3371452242796,160.24192254485857,91974200
2022-02-28,161.49378967285156,161.7872043480846,158.86286246028953,159.47903178590988,95056600
2022-03-01,159.61598205566406,162.94132403155473,158.41299811175085,161.08304074169718,83474400
2022-03-02,162.90220642089844,163.68464076398826,159.37148431939156,160.77986315221446,79724800
2022-03-03,162.57945251464844,165.20060533866413,161.91439302006907,164.77026570160976,76678400
2022-03-04,159.586669921875,161.91440821879274,158.54017563689038,160.8776889542246,83737200
2022-03-07,155.8016357421875,161.3960207362876,155.54733601828758,159.7724722055909,96418800
2022-03-08,153.98248291015625,159.30301816152476,152.37849933499598,155.33218168421902,131148300
2022-03-09,159.37144470214844,159.82134918778635,155.9091933685317,157.93372624467713,91454900
2022-03-10,155.03875732421875,156.86768560681452,152.55452973284972,156.68185579600046,105342000
2022-03-11,151.3319854736328,155.78206635482195,151.1070406596988,155.43974670100266,96970100
2022-03-14,147.31227111816406,150.7354085874783,146.80370143921206,148.12404550887342,108732100
2022-03-15,151.68411254882812,152.15358216127328,147.07755576988814,147.58612546449382,92964300
2022-03-16,156.0852813720703,156.48628104894496,151.06795013405093,153.60106822684398,102300200
2022-03-17,157.0926513671875,157.46431103838808,154.16832371335292,155.12679794973494,75615400
2022-03-18,160.37884521484375,160.86786475806085,156.25151907619613,156.98504839102176,123511700
2022-03-21,161.74815368652344,162.69685305700403,159.43019026159942,159.91920994025145,95811400
2022-03-22,165.11257934570312,165.6993938917205,161.28844262082922,161.87525716684658,81532000
2022-03-23,166.47206115722656,168.8486892835288,163.9682682338466,164.3008129085659,98062700
2022-03-24,170.24728393554688,170.31573891650316,166.4720521767643,167.30337650948087,90131400
2022-03-25,170.8830108642578,171.43071043053845,168.95627243907444,170.06146151483682,80546200
2022-03-28,171.74371337890625,171.87084834447882,168.2227657996674,168.38903069595148,90371900
2022-03-29,175.0299072265625,175.07879724912362,172.46743429498167,172.80975399507543,100589400
2022-03-30,173.86602783203125,175.66561632731086,172.81951875433577,174.6288971925018,92633200
2022-03-31,170.77542114257812,174.1203133341303,170.5700263491638,173.93448350287292,103049300
2022-04-01,170.48199462890625,171.0394840841696,168.16404671715162,170.20814487239906,78751300
2022-04-04,174.5213165283203,174.57022147286082,170.60915974417932,170.73630961524591,76468400
2022-04-05,171.21551513671875,174.38436705774205,170.589570736433,173.6019328264619,73401800
2022-04-06,168.0564727783203,169.81694627331598,166.3938091700385,168.57483234577828,89058800
2022-04-07,168.35964965820312,169.55285855113002,166.11994669119974,167.4011755212215,77594700
2022-04-08,166.3546905517578,168.00757925318007,165.48423622614246,168.00757925318007,76575500
2022-04-11,162.11000061035156,165.31796805598518,161.8654908055094,165.00500326610816,72246700
2022-04-12,163.97805786132812,166.13951616252308,162.98045368647982,164.3301525745867,79265200
2022-04-13,166.65786743164062,167.28381189911025,163.10759541750994,163.7139749230824,70618900
2022-04-14,161.66006469726562,167.50874884154206,161.41555493977322,166.87301451784703,75329400
2022-04-18,161.4449005126953,162.94129894819648,159.97784205250275,160.3201467390001,69023900
2022-04-19,163.72377014160156,164.1345597736567,160.31042259224273,161.39604679422817,67723800
2022-04-20,163.5574951171875,165.17126878968486,162.45232094308298,165.05389393478876,67929800
2022-04-21,162.7653045654297,167.76308617115384,162.26650987641895,165.2006278854853,87227800
2022-04-22,158.23692321777344,164.18340212764667,157.95329847424364,162.80437847987656,84882400
2022-04-25,159.30299377441406,159.58661851207708,154.9800632753819,157.58163561913904,96046400
2022-04-26,153.3565216064453,158.7748512209157,153.2782766938566,158.6868312906376,95623200
2022-04-27,153.131591796875,156.28086402556207,151.96772285920957,152.48608239761126,88063200
2022-04-28,160.04632568359375,160.9070049099631,155.43975472715812,155.7527344180899,130216800
2022-04-29,154.18783569335938,162.5500717654253,153.79662607980254,158.28582131341926,131747600
2022-05-02,154.4910888671875,154.75514872367953,149.9040823265059,153.26853978592672,123055300
2022-05-03,155.97767639160156,157.18067526746918,152.88708408047324,154.67688255687574,88966500
2022-05-04,162.37408447265625,162.82397418149506,155.76252942825218,156.16352911233957,108256500
2022-05-05,153.32720947265625,160.47667363266967,151.5471709663278,160.25172879543595,130525300
2022-05-06,154.052001953125,156.16767394547392,151.0156200226824,152.8080631040653,116124600
2022-05-09,148.93910217285156,152.63173048104144,148.3808086845327,151.75019320834667,131577900
2022-05-10,151.3388671875,153.5231099451531,149.7912929478581,152.32814774676658,115366700
2022-05-11,143.49327087402344,152.2595803376125,142.81742986905113,150.34960463592216,142689800
2022-05-12,139.63414001464844,143.1994331763469,135.95131447864176,139.83983661531016,182602000
2022-05-13,144.09072875976562,145.06041547307086,140.17282438448345,141.6224448185645,113990900
2022-05-16,142.552978515625,144.49235241019304,141.2208901087805,142.56278284412517,86643800
2022-05-17,146.177001953125,146.6961230315545,143.66953086740642,145.80479629477273,78336300
2022-05-18,137.92982482910156,144.33559163369299,137.02869370903522,143.8360642275501,109742900
2022-05-19,134.5310516357422,138.7525913397019,133.7964445425997,137.00912503429328,136095600
2022-05-20,134.76612854003906,137.81230015984903,129.8883411847853,136.23534285932448,137426100
2022-05-23,140.17279052734375,140.31970592768346,134.82484577074624,134.96197179293512,117726300
2022-05-24,137.47926330566406,139.05622039365426,134.51145197634384,137.92002455292192,104132700
2022-05-25,137.635986328125,138.87991021944293,135.50072064953915,135.58886991195646,92482700
2022-05-26,140.82907104492188,141.37757526410218,134.32535040420584,134.57021942674126,90601500
2022-05-27,146.56878662109375,146.60795908464218,142.27867700009156,142.40601366145458,90978500
2022-05-31,145.78521728515625,147.5678709384086,143.82626511004062,146.01050754614022,103718400
2022-06-01,145.6578826904297,148.62569377792533,144.64900865939228,146.823446577346,74286600
2022-06-02,148.1065673828125,148.16533354946895,143.84584095281429,144.79593383540592,72348100
2022-06-03,142.396240234375,144.93307974702813,141.49512401563555,143.88503314588232,88570300
2022-06-06,143.14064025878906,145.52077501341512,141.92608448379778,144.01237341190438,71598400
2022-06-07,145.6578826904297,145.94192415465892,141.1424977278199,141.38736672807937,67808200
2022-06-08,144.92327880859375,146.79406665216868,144.43354079753493,145.5305491597089,53950200
2022-06-09,139.71249389648438,144.91351047437155,139.60475090946733,144.0613709060868,69473000
2022-06-10,134.3155517578125,137.8710395567264,134.24698126233585,137.40089525066517,91437900
2022-06-13,129.17332458496094,132.4251777606438,128.7423526705115,130.14299644685158,122207100
2022-06-14,130.03526306152344,131.14207601932122,128.7815346427886,130.3976794412042,84784300
2022-06-15,132.6504364013672,134.5212392737676,129.44756042743367,131.53383428431485,91533000
2022-06-16,127.39067840576172,129.67285985675707,126.39160844816745,129.36922461121898,108123900
2022-06-17,128.85987854003906,130.34868645706888,127.14579529566508,127.40046865716874,134520300
2022-06-21,133.08140563964844,134.2469845261448,130.58375367786297,130.68169231513036,81000500
2022-06-22,132.57212829589844,134.93265491125933,131.1616799782049,132.02360899242208,73409200
2022-06-23,135.4321746826172,135.74559928638683,132.84635818263115,134.0119372202921,72433800
2022-06-24,138.75257873535156,138.99744774415504,136.901369626622,137.02869134817942,89116800
2022-06-27,138.75257873535156,140.5450216732672,138.07673787975503,139.77122723590202,70207900
2022-06-28,134.61923217773438,140.47649657650823,134.50169979812208,139.2129786588069,67083400
2022-06-29,136.3724365234375,137.78288432606877,133.86498040570075,134.63877479951915,66242400
2022-06-30,133.91400146484375,135.53013138802967,131.0245493574635,134.4331227102609,98964500
2022-07-01,136.07859802246094,136.18634098386156,132.87572215700436,133.2479128863371,71051600
2022-07-05,138.6546173095703,138.70359409768392,134.1196387404863,134.94240992218974,73353800
2022-07-06,139.9867401123047,141.16210859174285,138.1845074474581,138.44897021265854,74064300
2022-07-07,143.34632873535156,143.54222096010838,140.33933002838788,140.34911940865916,66253700
2022-07-08,144.02218627929688,144.52172874952925,142.0240612352335,142.2787196887486,64547800
2022-07-11,141.89671325683594,143.63039032716094,140.8290877786715,142.68029721118097,63141600
2022-07-12,142.86639404296875,145.40323372369386,142.07302074051665,142.76844044820817,77588800
2022-07-13,142.50399780273438,143.44428658574307,139.20315284375937,140.05530730128564,71185600
2022-07-14,145.42283630371094,145.89298070687983,140.30996921418316,141.1229362743088,78140700
2022-07-15,147.08790588378906,147.76374670018814,145.15833701067942,146.70591085003534,76259900
2022-07-18,144.05157470703125,148.4592176926782,143.68915834296686,147.64625063740658,81420900
2022-07-19,147.90089416503906,148.1261694879342,143.8948404199678,144.88410592104603,82982400
2022-07-20,149.89903259277344,150.56508418725386,147.28383290571463,148.01844006316782,64823400
2022-07-21,152.16163635253906,152.37712231601844,148.82161886422966,151.3290755894941,65086600
2022-07-22,150.92750549316406,153.07256106692492,150.2614687565271,152.20082772301902,66675400
2022-07-25,149.8108673095703,151.85796878260385,149.15462011252404,150.84910958984113,53623900
2022-07-26,148.4886016845703,149.94801169458665,147.70501771546552,149.13504463438227,55138700
2022-07-27,153.5720672607422,154.10099277980115,149.0371026048061,149.4484808165071,78620700
2022-07-28,154.12057495117188,154.40461645264705,151.24091273921562,153.7581586202447,81378700
2022-07-29,159.17465209960938,160.2716754702952,156.22643448443253,157.93072824104914,101786900
2022-08-01,158.19522094726562,160.23253356212356,157.5879503888758,157.70548276904853,67829400
2022-08-02,156.7259979248047,159.076750020311,156.35380709254014,156.81416215078264,59907000
2022-08-03,162.72039794921875,163.17094866506537,157.45081082004532,157.53896009762985,82507500
2022-08-04,162.4069366455078,163.75861850349844,161.05525478751719,162.60282888470158,55474100
2022-08-05,162.1813507080078,162.67176904705062,159.87637852795464,160.0823608155598,56697000
2022-08-08,161.7105255126953,164.59418751238474,161.0533667864172,163.18178041324063,60276900
2022-08-09,161.7595977783203,162.64235984823435,160.12160217379457,160.87685067478762,63135500
2022-08-10,165.99681091308594,166.09488560468589,163.70164162721542,164.46669306704544,70170500
2022-08-11,165.2611541748047,167.713245527213,164.96690021924013,166.80105976160058,57149200
2022-08-12,168.80201721191406,168.87066800455992,166.15374591104305,166.56571053244468,68039400
2022-08-15,169.87107849121094,170.06724280100903,168.06634289486433,168.23308330651162,54091700
2022-08-16,169.7141571044922,170.38113378052608,168.37041574061854,169.4689479524639,56377100
2022-08-17,171.20504760742188,172.7743773350279,169.26299514755854,169.45915949271176,79542000
2022-08-18,170.8126983642578,171.54832585930868,169.80243780169835,170.42036968678258,62290100
2022-08-19,168.23312377929688,170.4105825645676,168.02714147630917,169.71418188591318,70346300
2022-08-22,164.3588104248047,166.6049198473659,163.9370428679026,166.43817940694694,69026800
2022-08-23,164.0253448486328,165.4769941855601,163.45645767060176,163.87822530534152,54147100
2022-08-24,164.319580078125,164.88846719098774,163.06411023124903,164.11361274111158,53841500
2022-08-25,166.77166748046875,166.87956011908489,165.1238689631101,165.5456215718219,51218200
2022-08-26,160.4844970703125,167.77212157949262,160.42564926256463,167.30132415112922,78961000
2022-08-29,158.28746032714844,159.77832160747866,156.75735719048248,158.0618570691757,73314000
2022-08-30,155.86476135253906,159.44480926961938,154.6975633016655,159.02305667853338,77906200
2022-08-31,154.20712280273438,157.5027341926007,154.12865408316875,157.23790413486398,87991100
2022-09-01,154.93295288085938,155.38412932683354,151.70599214901193,153.6382414104045,74229900
2022-09-02,152.8241424560547,157.2869518100939,152.0002433352291,156.6886409081276,76957800
2022-09-06,151.56869506835938,154.07963464254792,150.7447958267751,153.4715206737186,73714800
2022-09-07,152.97129821777344,153.6676838931478,150.66632598771957,151.85314497915547,87449600
2022-09-08,151.50006103515625,153.36364499716552,149.75415773532657,151.67660447799875,84923800
2022-09-09,154.354248046875,154.79563648166842,151.7844609924952,152.49066452851048,68028800
2022-09-12,160.29812622070312,161.11222243462,156.24728104104713,156.53171708379904,104956000
2022-09-13,150.89193725585938,157.4635411507797,150.430942739526,156.83580616608484,122656600
2022-09-14,152.33372497558594,154.0894308134101,150.66630580332588,151.82368576965968,87965400
2022-09-15,149.45010375976562,152.26511565335673,148.47908487159995,151.6864105462559,90481100
2022-09-16,147.81207275390625,148.44962552428208,145.5267216779744,148.31230899881908,162278800
2022-09-19,151.5196533203125,151.5981220543988,146.24276190884032,146.44872924023372,81474200
2022-09-20,153.89328002929688,155.05067517637016,150.14649142825516,150.46035140561636,107689800
2022-09-21,150.77423095703125,155.6980357811973,150.65653533272163,154.32485530993193,101696800
2022-09-22,149.81298828125,151.50983141556574,148.0180554999838,149.45988650515864,86652500
2022-09-23,147.54722595214844,148.56730428254153,145.71306650576898,148.2926712627535,96029900
2022-09-26,147.8807373046875,150.82324708343862,146.77238716545008,146.79200808789446,93339400
2022-09-27,148.85177612304688,151.75505941669135,147.07646404392761,149.81300689014782,84442700
2022-09-28,146.9685821533203,147.7532545846386,142.0643981655583,144.81074419198137,146691400
2022-09-29,139.74960327148438,143.9083561021041,137.98409428837317,143.3002421615135,128138200
2022-09-30,135.55157470703125,140.35768159374078,135.3554104388006,138.572552330181,124925300
2022-10-03,139.72018432617188,140.32831325471835,135.05140704196927,135.56144631438175,114311700
2022-10-04,143.3002471923828,143.41794280659562,141.49549629829846,142.2507447443845,87830100
2022-10-05,143.59449768066406,144.55572849466822,140.26946161653336,141.30916116839794,79471000
2022-10-06,142.64309692382812,144.712663290669,142.43712956504083,143.0158197187154,68402200
2022-10-07,137.40541076660156,140.3577388347644,136.7776758724346,139.80845770678545,85925600
2022-10-10,137.72909545898438,139.1709266873786,135.91455644051044,137.72909545898438,74899000
2022-10-11,136.31666564941406,138.64125855443186,135.57123522583825,137.21903351996755,77033700
2022-10-12,135.68894958496094,137.67024396939837,135.51240615749046,136.46381898254117,70433700
2022-10-13,140.24981689453125,140.83830981626429,131.79499606499104,132.40312487373902,113224000
2022-10-14,135.72817993164062,141.75051634248345,135.5418185741853,141.54453406151188,88598000
2022-10-17,139.6809844970703,140.16158499262147,137.5819941601383,138.3666666620457,85250900
2022-10-18,140.99530029296875,143.88876607092178,137.91547311478982,142.70196183745628,99136600
2022-10-19,141.1031494140625,142.17225768233465,138.78837451258266,138.97473585531196,61758300
2022-10-20,140.64218139648438,143.0942732786787,139.91635681145763,140.27927658716155,64522000
2022-10-21,144.4477996826172,145.01668666487555,139.91632474569775,140.13210997918807,86548600
2022-10-24,146.58602905273438,147.35108041478094,143.20214572577777,144.36934369172494,75981900
2022-10-25,149.420654296875,149.56778877679034,146.4977652190575,147.21377179556336,74732300
2022-10-26,146.48794555664062,149.07735346461445,145.20303709712394,148.06709300971718,88194300
2022-10-27,142.02516174316406,146.1937178528811,141.36800292889203,145.23250204640354,109180200
2022-10-28,152.7554931640625,154.48176014348397,144.98726930709842,145.35997702745019,164762400
2022-10-31,150.4014892578125,151.28425122815005,149.00870300208484,150.22494584357278,97943200
2022-11-01,147.76304626464844,152.47106552613408,146.27218522217615,152.10816072803473,80379300
2022-11-02,142.250732421875,149.2539052221096,142.22130852087065,146.09561013902547,93604600
2022-11-03,136.2185821533203,140.06345955714755,136.09106861510674,139.33763513663766,97918500
2022-11-04,135.95333862304688,140.16810151754257,132.0234836201314,139.59827074317496,140814800
2022-11-07,136.48388671875,136.70984922405512,133.29087896117363,134.70562941235488,83374600
2022-11-08,137.05369567871094,138.9498435557623,135.0789489012502,137.94774130575934,89908500
2022-11-09,132.50486755371094,136.12034157773797,132.22977893126608,136.07121539704306,74917800
2022-11-10,144.29441833496094,144.29441833496094,137.05366669118547,138.7631586833069,118854000
2022-11-11,147.07481384277344,147.37937519314977,141.83828048896822,143.26286485614494,93979700
2022-11-14,145.67970275878906,147.644629976999,144.84460269456784,146.3576050476643,73374100
2022-11-15,147.4088592529297,150.89660867721872,145.95481705312972,149.5506380930854,89868300
2022-11-16,146.18077087402344,147.24183349471545,144.70707528826344,146.51481993344615,64218300
2022-11-17,148.07696533203125,148.82363252503697,143.58709795786277,143.86218666008645,80389400
2022-11-18,148.63693237304688,150.02220984195606,147.34008803390304,149.63904958366277,74829600
2022-11-21,145.4144287109375,147.7330433535175,145.12952086958856,147.5267343973142,58724100
2022-11-22,147.54640197753906,147.7821986794849,144.3533947208252,145.53236323934706,51804100
2022-11-23,148.4208221435547,149.16748927839564,146.72114887646376,146.82922050043365,58301400
2022-11-25,145.51271057128906,146.2692118769101,144.54006603549058,145.7092003283938,35195900
2022-11-28,141.69093322753906,144.06849387144769,140.8656672171658,142.5947981424062,69246000
2022-11-29,138.6944122314453,142.27057984792378,137.8887997144492,141.7596944766532,83763800
2022-11-30,145.4341278076172,146.1120302873751,138.08530213977906,138.92038744793726,111380900
2022-12-01,145.7091827392578,146.51481013470644,144.03899751867118,145.61094536816785,71250400
2022-12-02,145.2179718017578,145.40464232225125,143.09584639700262,143.4004227674544,65447400
2022-12-05,144.0586395263672,148.27340168825526,143.21372024795548,145.17864740787067,68826400
2022-12-06,140.40390014648438,144.71691547188212,139.43125562304482,144.49095300364328,64727200
2022-12-07,138.4684295654297,140.85580904494128,137.54491133359693,139.69650913090823,69721100
2022-12-08,140.1484375,141.00319109284194,138.62563079391435,139.86352962985669,62128300
2022-12-09,139.6670684814453,143.01727390300547,138.42915440090607,139.8439047836886,76097000
2022-12-12,141.9561767578125,141.96599599737974,138.58631867677312,140.19755844692216,70462700
2022-12-13,142.91900634765625,147.34009332894186,141.71058010364294,146.87833415604433,93886200
2022-12-14,140.69863891601562,144.0881358235322,138.68458524913544,142.8011107216781,82291200
2022-12-15,134.10630798339844,139.3133690938159,133.64454880056923,138.63546667684503,98931900
2022-12-16,132.15118408203125,135.23611943482993,131.38486361161162,134.29296269794702,160156900
2022-12-19,130.04873657226562,132.82911109974094,129.01716151047765,132.74069295008061,79592600
2022-12-20,129.97994995117188,130.91328746393052,127.61220884643005,129.08590439011405,77432800
2022-12-21,133.07470703125,134.41085828161889,130.42205800232537,130.64802045895354,85928000
2022-12-22,129.9111785888672,132.20032094511618,128.0150307307424,131.99401195090732,77852100
2022-12-23,129.5476531982422,130.09783042542833,127.36658276817921,128.62413499923468,63814900
2022-12-27,127.74976348876953,129.1055682957193,126.46273834186272,129.07609558176017,69007800
2022-12-28,123.82972717285156,128.73221899747332,123.66271014073895,127.39606774936588,85438400
2022-12-29,127.33715057373047,128.19188939568883,125.49012108364987,125.74555630862793,75703700
2022-12-30,127.65150451660156,127.67115798862761,125.19535270118398,126.15817044916967,77034200
2023-01-03,122.87675476074219,128.60451337209517,121.99253578697103,127.99539057563403,112117500
2023-01-04,124.14411163330078,126.40378110334795,122.88655931785308,124.66481618620305,89113600
2023-01-05,122.8276138305664,125.52938912334946,122.57217865426507,124.90061292758642,80962700
2023-01-06,127.346923828125,128.00517262460522,122.69987531467847,123.80023721738742,87754700
2023-01-09,127.86763000488281,131.07047089671403,127.61219486879021,128.182025548878,70790800
2023-01-10,128.43746948242188,128.958174020526,125.87323874198964,127.9757103650532,63896200
2023-01-11,131.14910888671875,131.16874737067045,128.1722445262406,128.94838439618852,69458900
2023-01-12,131.0705108642578,131.90559617413024,129.13505580606935,131.53227009080283,71379600
2023-01-13,132.3968048095703,132.55400260182785,129.35117628841525,129.71468306570503,57809700
2023-01-17,133.5561065673828,134.88242345634274,131.77784981822288,132.46557135226192,63646600
2023-01-18,132.8389434814453,136.17931456809228,132.66209219338052,134.4207108763407,69672800
2023-01-19,132.89785766601562,133.86066781311564,131.42416224055012,131.72872356322017,58280400
2023-01-20,135.45225524902344,135.59963378756996,131.8662690124696,132.9076780568954,80223600
2023-01-23,138.63546752929688,140.80671912517695,135.4817521326256,135.6978953680963,81760300
2023-01-24,140.03053283691406,140.64948968940584,137.83964325138285,137.84946249034775,66435100
2023-01-25,139.372314453125,139.93231102042415,136.37579688239575,138.41932337339787,65799300
2023-01-26,141.4355010986328,141.72040901629467,139.41161299424252,140.65934626942868,54105100
2023-01-27,143.3709259033203,144.64813175929368,140.57091324840124,140.64951214628343,70555800
2023-01-30,140.49234008789062,142.99762607371383,140.34497649686972,142.41797596075202,64015300
2023-01-31,141.7596893310547,141.80881551729502,139.78494257033407,140.19757555057984,65874500
2023-02-01,142.8797149658203,144.03903014040526,138.84180280794712,141.44532609516176,77663600
2023-02-02,148.17518615722656,148.52885870656533,145.57164829200897,146.2888426135127,118339000
2023-02-03,151.7906494140625,154.62014981197694,145.23761799882098,145.43410775063012,154357300
2023-02-06,149.0692138671875,150.41519933800663,148.1358763450209,149.8944947732861,69858300
2023-02-07,151.9380340576172,152.5078649107581,147.9983592694092,147.9983592694092,83322600
2023-02-08,149.25588989257812,151.8692470443083,148.51904208604415,151.18152542311802,64120100
2023-02-09,148.22430419921875,151.62363543992853,147.782198500911,151.0832773681269,56007100
2023-02-10,148.58839416503906,148.91310407783703,146.82710525948497,147.06326201809225,57450700
2023-02-13,151.38282775878906,151.7862414824205,148.49980618651492,148.52932389765635,62199000
2023-02-14,150.7432403564453,151.3041068890254,148.4407688328002,149.68055772689488,61707600
2023-02-15,152.839111328125,153.0063833860837,150.42840282421838,150.6547103127393,65573800
2023-02-16,151.24508666992188,153.82306709582505,150.8908590911332,151.0482818929642,68167900
2023-02-17,150.10366821289062,150.5464488832577,148.4309328947845,149.90687847207133,59144100
2023-02-21,146.0989227294922,148.87370750867322,146.03005307934987,147.79134145705774,58867200
2023-02-22,146.52206420898438,147.54538003263738,144.80012742797703,146.48269724609548,51011300
2023-02-23,147.00416564941406,147.92909389742377,144.87881554222116,147.68310298099968,48394200
2023-02-24,144.3573455810547,144.8296440334222,143.38321594733068,144.75092512234477,55469600
2023-02-27,145.5479278564453,146.7778826433076,145.08546365545737,145.3413038601465,44998500
2023-02-28,145.0460968017578,146.689314426437,144.47539603761436,144.6918692589824,50547000
2023-03-01,142.97976684570312,144.8689754008769,142.68457472462396,144.47539591550134,55479000
2023-03-02,143.57017517089844,144.35734928778834,141.59239813777418,142.0647116163666,52238100
2023-03-03,148.6080322265625,148.68675112203792,144.96736964186593,145.66597544130724,70732300
2023-03-06,151.36318969726562,153.79358207113017,150.9991278078858,151.323822727868,87558000
2023-03-07,149.16891479492188,151.55993956940895,148.7064506179963,151.23522972088062,56182000
2023-03-08,150.4185333251953,151.00891757952724,149.39521763366128,150.35949790258118,47204800
2023-03-09,148.1750946044922,152.0617483379844,147.8208670608722,151.09746808583355,53833600
2023-03-10,146.11863708496094,148.5195113692859,145.24290982690115,147.80122193638456,68572400
2023-03-13,148.05703735351562,150.6842189540097,145.33145336527863,145.43968998615728,84457100
2023-03-14,150.1430206298828,150.94002884188114,147.6929605728649,148.85403055723415,73695900
2023-03-15,150.53663635253906,150.79246155107444,147.51586009545082,148.76549840164833,77167900
2023-03-16,153.3507843017578,153.9510028988609,149.20828955550553,149.71995500240442,76161100
2023-03-17,152.51438903808594,154.22649145558808,151.80593390078133,153.57707174404283,98944600
2023-03-20,154.8759307861328,155.2892088870571,151.678047720229,152.58330783129233,73641400
2023-03-21,156.72573852539062,156.8438093660786,154.0296725549558,154.79717806171172,73938300
2023-03-22,155.29901123046875,159.53989288471735,155.27932775015748,156.7454392443716,75701800
2023-03-23,156.38133239746094,158.9593273158035,155.15137786083926,156.28294504298728,67622100
2023-03-24,157.6802215576172,157.76877470893055,155.31871410467124,156.31251228008384,59196500
2023-03-27,155.74180603027344,158.19188156427322,155.33837722493854,157.37518971960662,52390300
2023-03-28,155.1218719482422,155.9484128704115,153.4786543640599,155.4367475403247,45992200
2023-03-29,158.19186401367188,158.46737267599337,156.7946372221569,156.8143056879684,51305700
2023-03-30,159.75636291503906,159.86459953343115,158.68384597812414,158.93967116064357,49501700
2023-03-31,162.25563049316406,162.35403288236776,159.31358823359025,159.8350878653574,68749800
2023-04-03,163.50527954101562,163.62335040456196,161.58655293789977,161.63575413574327,56976200
2023-04-04,162.9739227294922,164.16451047380076,162.46225736922722,163.92836877990578,46278300
2023-04-05,161.1339111328125,162.40323287933546,159.20535043705326,162.0982064947886,51511700
2023-04-06,162.01950073242188,162.31469290771022,159.40215313314846,159.82525040692016,45390100
2023-04-10,159.43162536621094,159.43162536621094,157.51289929536236,158.83140695285897,47716900
2023-04-11,158.2213897705078,159.75637097122245,157.93603184667685,159.7465367378167,47644200
2023-04-12,157.53262329101562,159.46118408911326,157.2177476424543,158.6346580327857,50133100
2023-04-13,162.90505981445312,163.14121655398105,158.83144989570576,159.0380889195549,68445600
2023-04-14,162.56065368652344,163.6528540223282,161.19294470872245,161.95058596716467,49386500
2023-04-17,162.58033752441406,162.7377753387549,161.39958394505072,162.44258319038994,41516200
2023-04-18,163.8004608154297,164.7253892225956,162.99360326395418,163.43639900098648,49923000
2023-04-19,164.94186401367188,165.46336364998885,162.8853681685066,163.1412083770297,47720200
2023-04-20,163.97755432128906,165.17799130758831,162.9050374280842,163.4265370188754,52456400
2023-04-21,162.37368774414062,163.78074857435575,161.85218820428946,162.40320545287983,58337300
2023-04-24,162.67874145507812,162.9444158925364,161.26183114076272,162.35403159020615,41949600
2023-04-25,161.14376831054688,163.6430299514636,161.10440134757968,162.54099521393778,48714100
2023-04-26,161.1339111328125,162.6295403559192,160.1893142654478,160.44513945575562,45498800
2023-04-27,165.7093505859375,165.85693915334915,162.5409858833323,162.5409858833323,64902300
2023-04-28,166.95896911621094,167.12625617335198,165.1878463008649,165.78806481489534,55275900
2023-05-01,166.8704376220703,167.71664719399982,165.93567490070697,166.5654112090663,52472900
2023-05-02,165.83724975585938,167.6182368189597,164.85328597063295,167.3623966257795,48425700
2023-05-03,164.7647705078125,168.1791268243892,164.4794275510536,166.7818997315747,65136000
2023-05-04,163.13134765625,164.36130237503923,161.67508547315035,162.24578626436005,81235400
2023-05-05,170.78660583496094,171.504895212846,168.02165491497223,168.23812815446027,113453200
2023-05-08,170.7177276611328,171.06212101363838,169.35001851271124,169.71408033203093,55962800
2023-05-09,169.0155029296875,170.75710842473805,168.84823084895888,170.27497566678477,45326900
2023-05-10,170.77674865722656,171.23921282792068,169.14336520388548,170.24541483030967,53724500
2023-05-11,170.9636993408203,171.7902252766967,169.4090348343318,171.0621017201797,49514700
2023-05-12,170.03750610351562,171.50563041723674,168.49053896760506,171.07208510437357,45533100
2023-05-15,169.5448455810547,170.66811525184778,168.95364468701064,170.6188460048669,37266700
2023-05-16,169.5448455810547,170.5991352991019,169.27880367524853,169.46601779285794,42110300
2023-05-17,170.15570068359375,170.39216895569973,167.91900972248035,169.1900868244885,57951600
2023-05-18,172.4811248779297,172.66833901247392,170.04737119858373,170.46120584790356,65496700
2023-05-19,172.58949279785156,173.80143807257875,172.3727201425523,173.80143807257875,55809500
2023-05-22,171.64356994628906,172.1460951955022,170.9045763773169,171.42679729660153,43570900
2023-05-23,169.04232788085938,170.83562631420236,168.7664381272472,170.58929510312979,50747300
2023-05-24,169.31820678710938,169.8896969643689,168.01758589409968,168.57921320123526,45143500
2023-05-25,170.45135498046875,171.34798918728478,169.17042964019168,169.87986475065702,56058300
2023-05-26,172.8555450439453,173.19056694623742,170.5695990272421,170.77652387763237,54835000
2023-05-30,174.6980743408203,176.36327550868927,173.97879151124883,174.36306754730614,55964400
2023-05-31,174.64883422851562,176.71802248155805,174.16601962684186,174.72766202276017,99625300
2023-06-01,177.4471435546875,177.47670209655325,174.33351350934285,175.09221783191245,68901800
2023-06-02,178.29452514648438,179.11234656032465,176.62932377666553,178.37335293714096,61996900
2023-06-05,176.94467163085938,182.23586225888923,175.42726265707913,179.9499159952855,121946500
2023-06-06,176.580078125,177.476712338109,174.8261860088602,177.32891962025158,64848400
2023-06-07,175.2104949951172,178.55074607277277,174.71783250558175,175.82139167098399,61944600
2023-06-08,177.92010498046875,178.18613184931536,174.85574427470908,175.28927455408018,50214900
2023-06-09,178.3043670654297,179.55571862854532,177.97920810525306,178.83643579626113,48900000
2023-06-12,181.0928497314453,181.19138823156914,178.31424143935143,178.60984190485868,54274900
2023-06-13,180.61988830566406,181.4475575367352,179.76266053311636,180.11737806569877,54929100
2023-06-14,181.25051879882812,181.68406417583662,179.3488488908818,180.67902853230473,57462900
2023-06-15,183.28024291992188,183.78276814166122,181.08297303806762,181.26033930305263,65433200
2023-06-16,182.2062530517578,184.245882524342,181.56579797087073,183.98968846409701,101256200
2023-06-20,182.2949676513672,183.3689832973111,181.70378168910554,181.70378168910554,49799100
2023-06-21,181.26036071777344,182.68907870149724,179.91045548906328,182.1865534203878,49515700
2023-06-22,184.25576782226562,184.30503707731958,180.97463389589913,181.04361385994784,51245300
2023-06-23,183.9404296875,184.8075203379306,182.29493904669715,182.8270228675936,53117000
2023-06-26,182.55111694335938,185.2903184900679,182.51169553463515,184.08822111663613,48088700
2023-06-27,185.30018615722656,185.6253451571229,182.94526040179295,183.1620330683905,50730800
2023-06-28,186.47271728515625,187.11317238738192,184.84693738882143,185.17208134019785,51216800
2023-06-29,186.80772399902344,187.2806907250245,186.16726889716722,186.3052137668684,46347300
2023-06-30,191.12347412109375,191.6259844129726,188.4532369978983,188.8178174385461,85213200
2023-07-03,189.63558959960938,191.0347488046626,188.9458503136462,190.93621032527898,31458200
2023-07-05,188.52223205566406,190.14801227448265,187.82264469773918,188.75871546570897,46920300
2023-07-06,188.99514770507812,189.20207252866174,186.42344937265386,187.05405664400223,45094300
2023-07-07,187.88172912597656,189.84253092683244,187.4481988352347,188.60102706839623,46815000
2023-07-10,185.8421173095703,187.20187038994513,184.29515010539157,186.48257243692333,59922200
2023-07-11,185.31991577148438,186.52201339622226,183.8616390759319,186.3840685065736,46638100
2023-07-12,186.985107421875,188.88677723101014,185.70418206587038,186.8964167558296,60750200
2023-07-13,187.7437744140625,188.38424453327508,186.99493300399138,187.7043680387378,41342300
2023-07-14,187.89158630371094,188.37438582770977,186.8471444335954,187.4383302857117,41616200
2023-07-17,191.14317321777344,191.46833222271863,188.99515722491665,189.08383285312058,50520200
2023-07-18,190.886962890625,191.4781637647375,189.5961898515042,190.51254970289233,48288200
2023-07-19,192.23687744140625,195.32093388898534,189.82281961650222,190.26622781119138,80507300
2023-07-20,190.2957763671875,193.58675746858663,189.6750169550875,192.22700448393437,59581200
2023-07-21,189.1232452392578,192.10877819186132,188.4236580132484,191.25155042374644,71951700
2023-07-24,189.92137145996094,192.04967681854123,189.42870901778204,190.57168949200457,45377800
2023-07-25,190.77857971191406,191.58655325087184,190.08885537064708,190.49284214012596,37283200
2023-07-26,191.6456756591797,192.7689453418544,190.48299959942145,190.82785426220883,47471900
2023-07-27,190.38446044921875,194.30604897209747,189.72429463258098,193.1433729163405,47460200
2023-07-28,192.95616149902344,193.74442436278966,191.29096014596897,191.8131810983056,48291400
2023-07-31,193.5670623779297,193.60648379116893,192.39452340931743,193.1827862905988,38824100
2023-08-01,192.7393798828125,193.8429388199064,192.41422090280528,193.36013930235927,35175100
2023-08-02,189.75389099121094,192.31572697956656,189.03460794836926,192.17778208046178,50389300
2023-08-03,188.3645477294922,189.54693452970886,187.8915960163783,188.75868668614032,61235200
2023-08-04,179.31927490234375,184.6301752435833,179.25029494609427,182.79747042079737,115956800
2023-08-07,176.22535705566406,180.44254624962392,174.74736976708382,179.4572213905704,97576100
2023-08-08,177.16140747070312,177.62451134366992,174.97398514494694,177.05302113799038,67823000
2023-08-09,175.57505798339844,178.27483876617566,174.41236670614128,178.2157216738325,60378500
2023-08-10,175.35824584960938,178.0974474344709,174.99368050557445,176.84608080013524,54686900
2023-08-11,175.41746520996094,176.23639103718068,174.19402209160106,174.95375100085724,52036700
2023-08-14,177.065185546875,177.29211207450308,174.9438673937282,175.59506357405235,43675600
2023-08-15,175.08200073242188,177.08491002448199,174.68734458769583,176.4929258073929,43622600
2023-08-16,174.2137451171875,176.15744233651847,174.14467201512105,174.76626971305478,46964900
2023-08-17,171.6780242919922,175.14117901733323,171.16495931429398,174.77612136953763,66062900
2023-08-18,172.16151428222656,172.76337470680727,169.6652772069575,170.0007364455324,61172200
2023-08-21,173.4934539794922,173.77959243029935,171.4214870063081,172.73374028357344,46311900
2023-08-22,174.8649139404297,175.30890581271296,173.89799596554266,174.69718434668556,42038900
2023-08-23,178.7030029296875,179.12727253692543,175.95024126986627,176.13770818549477,52722800
2023-08-24,174.02627563476562,178.68329009610582,173.6612029173666,178.25902046647073,54945800
2023-08-25,176.22650146484375,176.75928869570708,173.47373983758078,175.0129196769248,51449600
2023-08-28,177.78543090820312,178.1800870283186,176.1673167274641,177.6867593505913,43820700
2023-08-29,181.6629638671875,182.4325537749521,177.1046213280948,177.30194937146643,53003900
2023-08-30,185.14588928222656,185.34323241647965,182.27473336292013,182.4720614420058,60813900
2023-08-31,185.36294555664062,186.59626480914432,184.97815055206615,185.33334709899387,60794500
2023-09-01,186.93173217773438,187.38558521498553,185.76747101772168,186.961330634287,45766500
2023-09-05,187.16851806640625,187.44478036173828,185.10641198511868,185.76746926717502,45280000
2023-09-06,180.46914672851562,186.32988234003622,179.04836051297525,185.88587535630464,81755800
2023-09-07,175.19052124023438,175.83185624974686,171.22416252451072,172.84227669356144,112488800
2023-09-08,175.80226135253906,177.83478423163749,175.41746632815568,175.97000602806156,65551300
2023-09-11,176.9665069580078,177.89396541040293,174.97345890425444,177.6670388917848,58953100
2023-09-12,173.9473419189453,177.72623373133553,172.487096210491,177.09477490699047,90370200
2023-09-13,171.88523864746094,174.93400012779577,171.65829707262085,174.15453395453247,84267900
2023-09-14,173.3948211669922,173.75001770449512,171.26364194197464,171.67803539320033,60895800
2023-09-15,172.67454528808594,174.14466716160445,171.50043808217407,174.12492983939754,109259500
2023-09-18,175.5950164794922,176.98620384020472,173.8190342163658,174.12489490095592,67257600
2023-09-19,176.68038940429688,177.23291401853146,174.7662755227223,175.15107052586188,51826900
2023-09-20,173.14816284179688,177.3019736755132,173.0593524132158,176.8678428874874,58436200
2023-09-21,171.6089630126953,173.94734650075085,171.53990496478352,172.22069958579337,63149100
2023-09-22,172.45750427246094,174.71695374662696,171.7273888544839,172.33911043282527,56725400
2023-09-25,173.73028564453125,174.60840835340898,171.82603288281885,171.87536866413782,46172700
2023-09-26,169.66526794433594,172.8620217812148,169.3692683155077,172.4871029695211,64588900
2023-09-27,168.15565490722656,170.730825832551,166.79408083596385,170.31643241476104,66921800
2023-09-28,168.41220092773438,169.73431545858824,165.38316183381656,167.0802102082604,56294400
2023-09-29,168.92527770996094,170.76045735672912,168.06687727418498,169.7244661753788,51861100
2023-10-02,171.43136596679688,171.9740294168616,168.6489906711008,168.93512915166482,52164500
2023-10-03,170.09939575195312,171.31299281082715,168.54049336939298,169.96126458937815,49594600
2023-10-04,171.34259033203125,171.88525384459265,168.68848474300435,168.80687858022958,53020300
2023-10-05,172.57586669921875,173.10865388928795,170.3756147373138,171.47080262455518,48527900
2023-10-06,175.1214599609375,175.61478762599208,170.86896284182788,171.48069938400815,57266700
2023-10-09,176.60142517089844,176.66062207591688,173.45399257599578,174.45050893918912,42390800
2023-10-10,176.0094757080078,177.32172934204314,175.57534487507363,175.7233522345748,43698000
2023-10-11,177.40065002441406,177.44998580714199,175.23001108089,175.82199530812358,47551100
2023-10-12,178.29849243164062,179.906730392158,176.6507647716162,177.6670336186698,56743100
2023-10-13,176.46331787109375,179.50220314362676,175.7627859383901,178.9990143278533,51427100
2023-10-16,176.3350372314453,176.6902337432856,174.15452238414363,174.39132507709223,52517000
2023-10-17,174.78599548339844,176.03905203817294,172.467364361049,174.29266779074965,57549400
2023-10-18,173.4934539794922,175.21023951884263,172.7731998689447,173.2369290366687,54764400
2023-10-19,173.1185760498047,175.466805839834,172.85217485644313,173.69082297603654,59302900
2023-10-20,170.572998046875,173.0790962513972,170.3361953203569,172.97056355030566,64244000
2023-10-23,170.69137573242188,171.68789221712717,167.66233657820504,168.62926966195786,55980100
2023-10-24,171.12551879882812,171.35244533043914,169.16206908920728,170.74072378645857,43816600
2023-10-25,168.81674194335938,170.75057806188605,168.3727349771656,169.58633193718455,57157000
2023-10-26,164.66290283203125,169.09299056011605,163.45918215856796,168.0964590692853,70625300
2023-10-27,165.9751739501953,166.70530437202822,164.60372353518264,164.6826577744484,58499100
2023-10-30,168.0175323486328,168.8857938712959,166.61648356307745,166.76449089816728,51131000
2023-10-31,168.4911346435547,168.61938959873203,165.6594236135805,167.09008588386948,44846000
2023-11-01,171.64842224121094,171.9049471971035,167.84979334743332,168.71805482147735,56934900
2023-11-02,175.200439453125,175.407628695078,173.1185955665897,173.17779249286198,77334800
2023-11-03,174.29266357421875,174.46040823420765,171.03671292563865,171.91483559510309,79829200
2023-11-06,176.83824157714844,177.0355696443862,173.85855313497558,174.02628274488598,63841300
2023-11-07,179.39370727539062,180.00542885763969,176.5817331247381,176.78892234542403,70530000
2023-11-08,180.44940185546875,181.00192645947115,179.16674685036813,179.91661457451394,49340300
2023-11-09,179.97579956054688,181.66297171772456,179.38380034968415,180.51846299464347,53763500
2023-11-10,184.15487670898438,184.32284238950194,181.31944959381738,181.75415237279827,66133400
2023-11-13,182.57411193847656,183.7892925333636,181.9912220269046,183.58183039704093,43627500
2023-11-14,185.18234252929688,185.8442707665973,184.05607409829287,185.43920547847273,60108400
2023-11-15,185.7454833984375,187.21754232445392,185.51825788469085,185.58742199648478,53790500
2023-11-16,187.4250030517578,188.65994715340477,186.37775779056014,187.28668991537342,54412900
2023-11-17,187.40524291992188,188.08693448765234,186.29873780998344,187.9584954748911,50922700
2023-11-20,189.14401245117188,189.59847845797387,187.5929306882813,187.60280481288592,46505100
2023-11-21,188.34376525878906,189.21317059662826,187.4546116723618,189.10449492939836,38134500
2023-11-22,189.00570678710938,190.60618938615343,188.53149251239262,189.18354656200316,39617700
2023-11-24,187.681884765625,188.6006760331266,186.9705556859451,188.5710385777235,24048300
2023-11-27,187.50404357910156,188.37344913120532,186.62476390027032,187.63248260157215,40552600
2023-11-28,188.10667419433594,188.77849160556613,187.11871894105684,187.49414676130317,38415400
2023-11-29,187.0890655517578,189.77630481775705,186.69388951411068,188.60063575450744,43014200
2023-11-30,187.662109375,188.02766309314677,185.92331344476767,187.55343368717286,48794400
2023-12-01,188.9365692138672,189.25270705783993,186.95076949469112,188.0375263099119,45704800
2023-12-04,187.14834594726562,187.7608884211111,185.19219887595256,187.69172432124148,43389500
2023-12-05,191.0902862548828,192.0584780958342,187.88930609245244,187.91895861640964,66628400
2023-12-06,190.0035400390625,192.41413792119363,189.79606282635905,192.10787423934497,41089700
2023-12-07,191.93008422851562,192.65128739108172,191.25826677194576,191.29779342674496,47477700
2023-12-08,193.3527374267578,193.629363703371,191.33730018286,191.86091528323507,53406400
2023-12-11,190.8531951904297,191.15947399253523,189.11439931154695,190.78404615931,60943700
2023-12-12,192.36477661132812,192.3746507369947,189.4107849369075,190.75440470261375,52696900
2023-12-13,195.5756072998047,195.6151188726379,192.50306619330016,192.74016578029781,70404200
2023-12-14,195.7238311767578,197.21563829918102,193.79732129680679,195.6349188149913,66831600
2023-12-15,195.19033813476562,196.01032777733312,194.62719637119332,195.1508114803035,128538400
2023-12-18,193.53054809570312,194.26164038796966,192.0486152607036,193.72813612536964,55751900
2023-12-19,194.5679168701172,194.5777909959987,193.53056080250687,193.79731295132126,40714100
2023-12-20,192.48330688476562,195.29897006409448,192.48330688476562,194.52836624027822,52242800
2023-12-21,192.33511352539062,194.70621508029078,191.16933361068988,193.73802319308166,46482500
2023-12-22,191.2681427001953,193.0563392932213,190.64572606781581,192.82909873139974,37149600
2023-12-26,190.72476196289062,191.55464074590694,190.5074106042434,191.27801448490152,28919300
2023-12-27,190.8235626220703,191.16935301152336,188.7883770898652,190.1715235726757,48087700
2023-12-28,191.24838256835938,192.31537606668746,190.84331729052167,191.80163510638113,34049900
2023-12-29,190.21102905273438,192.0585006042798,189.4206618129017,191.56452296375952,42672100
2024-01-02,183.40402221679688,186.17030008579113,181.6751004330507,184.89582930034302,82488700
2024-01-03,182.03076171875,183.6411336613478,181.22063114701328,182.00112426612563,58414500
2024-01-04,179.71893310546875,180.88471299934187,178.70134046081682,179.95603270422265,71983600
2024-01-05,178.9977264404297,180.55869755734878,177.99989705667167,179.79798286255345,62379700
2024-01-08,183.32496643066406,183.36449308108033,179.3138706884217,179.89676064456035,59144500
2024-01-09,182.9100341796875,182.9199083051763,180.52905841182087,181.7047275700206,42841800
2024-01-10,183.94740295410156,184.15486512874935,181.7047401626592,182.12956878813148,46792900
2024-01-11,183.3546142578125,184.7970355796361,181.4083411771675,184.29316874581366,49128400
2024-01-12,183.68064880371094,184.49077939116623,182.95944565085554,183.81896194364214,40477800
2024-01-16,181.418212890625,182.04061439740983,178.75072186869164,179.9659175831278,65603000
2024-01-17,180.47967529296875,180.72666412936158,178.1283518215105,179.08666971271487,47317400
2024-01-18,186.3579864501953,186.86183815424235,183.59170899023258,183.84857190455077,78005800
2024-01-19,189.25270080566406,189.63800274105876,186.5457131326349,187.0495648712278,68903000
2024-01-22,191.55465698242188,192.97731505960866,189.94428498185601,189.9838116367789,60133900
2024-01-23,192.8291015625,193.39224330006388,191.49537099853464,192.67104017695664,42355600
2024-01-24,192.15728759765625,194.0146482092326,191.999211146671,193.06620457832125,53631300
2024-01-25,191.83126831054688,193.90598035718745,190.78403816176663,192.86862433386716,54822100
2024-01-26,190.10235595703125,192.41416772814074,189.6281416366758,191.93007928184088,44594000
2024-01-29,189.42068481445312,189.8850250589276,187.29658673228502,189.6973111207354,47145600
2024-01-30,185.77511596679688,189.48983770252025,185.21198926058483,188.64019550498801,55859400
2024-01-31,182.17892456054688,184.84641553917146,182.129538862794,184.78712556686926,55467800
2024-02-01,184.6093292236328,184.69824158324056,181.6059517240919,181.77390231724044,64885400
2024-02-02,183.61146545410156,185.0736348136651,177.09095561888776,177.69360884630905,102551700
2024-02-05,185.41943359375,186.97053056814926,183.60159955655655,185.88377376602236,69668800
2024-02-06,187.0199432373047,187.02981736340615,184.5204175084795,184.6093298683978,43490800
2024-02-07,187.1286163330078,188.74886241631054,186.33824908078662,188.3437971267345,53439000
2024-02-08,186.05174255371094,187.25703410679802,185.09342474162452,187.1088468471974,40962000
2024-02-09,186.8134307861328,187.94113632063826,185.97259122428568,186.61557552858977,45155200
2024-02-12,185.13177490234375,186.6353875018477,184.77565652599384,186.38808349311134,41781900
2024-02-13,183.0445098876953,184.2019058140478,181.53101071537256,183.76664838776776,56529500
2024-02-14,182.1641082763672,183.5292310959524,180.472557481369,183.3215042025078,54630500
2024-02-15,181.87722778320312,182.50043860227981,179.3943014199978,181.57057328309747,65434500
2024-02-16,180.3439178466797,182.85653426097167,179.71082038140443,181.44194791394833,49752500
2024-02-20,179.60205078125,180.46266385305907,178.0588762686663,179.82956623009554,53665600
2024-02-21,180.3538818359375,180.91772714904744,178.71177953067104,179.97797489770463,41371400
2024-02-22,182.38172912597656,182.9653779737103,180.49233824441416,181.50132758611662,52292200
2024-02-23,180.5517120361328,183.04452553646294,180.26483093781445,183.01485026342843,45119700
2024-02-26,179.2063446044922,180.78908088671756,178.70183486744935,180.2746995194681,40867400
2024-02-27,180.66049194335938,181.9365737231629,177.62359209867634,179.14699293032547,54318900
2024-02-28,179.46356201171875,181.145226165725,178.18748003378263,180.54180381169616,48953900
2024-02-29,178.80075073242188,180.6011306821249,177.59390628342499,179.31514716008485,136682600
2024-03-01,177.7225341796875,178.5831471920378,175.46712311031385,177.6137198257161,73563100
2024-03-04,173.2117156982422,174.99229230011673,171.9158301484072,174.25038035125658,81510100
2024-03-05,168.28541564941406,170.18470849670402,167.79080766540406,168.91851326517738,95132400
2024-03-06,167.2961883544922,169.39333632878757,166.86093094295472,169.21526961759642,68587700
2024-03-07,167.177490234375,168.88882954707424,166.67299554984157,167.32586658446218,71765100
2024-03-08,168.88880920410156,171.82678133583968,167.11811956465033,167.17747009753631,76267000
2024-03-11,170.88705444335938,172.49948126334272,170.1946063009313,171.07500788792643,60139500
2024-03-12,171.36184692382812,172.15322257397557,169.16578666443067,171.28270784938988,59825400
2024-03-13,169.2845458984375,171.32232852748163,168.9185256992457,170.90685960163916,52488700
2024-03-14,171.1343536376953,172.43022407386235,170.19460153541087,171.04532782778392,72913500
2024-03-15,170.7584228515625,170.7584228515625,168.45354827638914,169.32406299160928,121752700
2024-03-18,171.84657287597656,175.79354941833483,171.64873273149365,173.67662817447325,75604200
2024-03-19,174.18113708496094,174.70542030322298,171.16402557801365,172.45989598897214,55215200
2024-03-20,176.7432098388672,176.7432098388672,173.2018149693641,173.82502584048726,53423100
2024-03-21,169.5219268798828,175.57593855649498,168.99764365136926,175.14068113790177,106181300
2024-03-22,170.42210388183594,171.18380430580046,168.22604350725265,169.90770741812418,71160100
2024-03-25,169.00753784179688,170.08577952012527,167.6226265638577,168.7305586050563,54288300
2024-03-26,167.87985229492188,169.57140318495337,167.75124938607289,168.16671829054096,57388400
2024-03-27,171.4409942626953,171.72787530814264,168.27550660374618,168.57227437363676,60273300
2024-03-28,169.6307373046875,170.37264922530974,168.67119667981044,169.89782982249778,65672700
2024-04-01,168.19638061523438,169.40322523760474,167.65230884379906,169.3438746978549,46240500
2024-04-02,167.0192108154297,167.51381877100314,166.41578850586058,167.25662806803024,49329500
2024-04-03,167.82046508789062,168.83935621904524,166.76201196368757,166.96973884210524,47691700
2024-04-04,166.99942016601562,170.06598011820813,166.99942016601562,168.45355351894443,53704400
2024-04-05,167.751220703125,168.55248310289795,167.12800990586356,167.76110742740823,42104800
2024-04-08,166.6334228515625,167.37533481002382,166.4256959559663,167.20716991074772,37425500
2024-04-09,167.84024047851562,168.24582257310013,166.5344834909376,166.8806999592474,42373800
2024-04-10,165.9706573486328,167.26652787853376,165.30788444762385,166.97966188332379,49709300
2024-04-11,173.15235900878906,173.56784300454478,166.3465633103838,166.5246149420751,91070300
2024-04-12,174.6460723876953,176.43655077441642,172.33131077483722,172.38075949507746,101670900
2024-04-15,170.82766723632812,174.72517963690404,170.63971383210225,173.46887143042125,73531800
2024-04-16,167.5533905029297,171.88614579113815,166.45536027289515,169.8978273072319,73711200
2024-04-17,166.18826293945312,168.80967890645843,166.18826293945312,167.780901063059,50901200
2024-04-18,165.23861694335938,166.8213684176903,164.75391081370103,166.21794611620325,43122900
2024-04-19,163.2206268310547,164.60552308162337,162.31054999578998,164.41758473594675,68149400
2024-04-22,164.0515899658203,165.45627497853224,162.99313661644305,163.73504867138354,48116400
2024-04-23,165.10011291503906,165.24850434331734,163.1414698344962,163.5668404824781,49537800
2024-04-24,167.19728088378906,167.47426013692973,164.41758653276062,164.74401450706145,48251800
2024-04-25,168.05789184570312,168.77012851479734,166.33665071301928,167.70177351115603,50558300
2024-04-26,167.4742431640625,169.49223681731962,167.35552700029277,168.04799015720317,44838400
2024-04-29,171.62893676757812,174.13165146794697,171.23325649572146,171.50033388681905,68169400
2024-04-30,168.49314880371094,173.10289859543835,168.1667057400835,171.46079655206535,65934800
2024-05-01,167.4742431640625,170.84747276952126,167.28628974114312,167.75122238913238,50383100
2024-05-02,171.16403198242188,171.54982559320527,169.04711048582428,170.64963546996492,94214900
2024-05-03,181.4024200439453,184.98337684032407,180.69018337477516,184.637145231003,163224100
2024-05-06,179.7504425048828,182.2135806366563,178.47434543693257,180.383540128798,78569700
2024-05-07,180.4329833984375,182.90602327557747,179.36464345444207,181.4716631656838,77305800
2024-05-08,180.76931762695312,181.09576068278213,179.4932206728727,180.87813197889614,45057100
2024-05-09,182.57958984375,182.66861565405213,180.14611203583203,180.5912561815798,48983000
2024-05-10,181.32159423828125,183.34232534295325,180.41028294678514,183.15411695720846,50759500
2024-05-13,184.5210723876953,185.3333368917867,182.87674310968822,183.68900761377958,72044800
2024-05-14,185.6602325439453,186.52202806777518,184.5309973091758,185.73947897801656,52393600
2024-05-15,187.92860412597656,188.84981551266446,185.60078753373725,186.13569714479723,70400000
2024-05-16,188.04747009277344,189.29558246787192,187.86917696187996,188.6715262803227,52845200
2024-05-17,188.0771484375,189.00827490956243,187.39366134142406,187.72054713149117,41282900
2024-05-20,189.23609924316406,190.10779468490833,187.2252687157197,187.54225437261144,44361300
2024-05-21,190.53375244140625,190.91015403566988,189.11724727296848,189.28564024416437,42309400
2024-05-22,189.0974578857422,190.99934196064652,188.47341681604038,190.45453220558076,34648500
2024-05-23,185.1154022216797,189.1964945447871,184.86776283091424,189.17667916140735,51005900
2024-05-24,188.18612670898438,188.7804673088457,186.26444256610336,187.0370913918068,36327000
2024-05-28,188.19606018066406,191.17763337385156,187.31446444482384,189.70169698060212,52280100
2024-05-29,188.49322509765625,190.43472491238563,187.7205912720781,187.8196530916493,53068000
2024-05-30,189.48374938964844,190.365345015264,188.82999288588945,188.95875509095092,49889100
2024-05-31,190.43467712402344,190.75166277533643,188.1167762289514,189.63232797686064,75158300
2024-06-03,192.19789123535156,193.14883318833753,190.7021546904014,191.07855630297723,50080500
2024-06-04,192.51487731933594,193.47571940906454,191.2073340206378,192.80213237542046,47471400
2024-06-05,194.0205078125,195.04078090785526,193.02995023528447,193.55494454203196,54156800
2024-06-06,192.64364624023438,194.64457691185422,192.33657578915964,193.8422276391208,41181800
2024-06-07,195.03089904785156,195.08042995429523,192.3068654552658,192.8120444256859,53103900
2024-06-10,191.29649353027344,195.43703247512377,190.33565137548777,195.04080033594326,97010200
2024-06-11,205.19400024414062,205.20391549352811,191.8016724106265,191.82147267998263,172373300
2024-06-12,211.05812072753906,218.1207863262847,204.94636687125956,205.41193016487838,198134300
2024-06-13,212.2170867919922,214.70338117421306,209.6020150722442,212.71236564129833,97862700
2024-06-14,210.48361206054688,213.13829945342002,209.30484597389386,211.8307711431916,70122700
2024-06-17,214.62411499023438,216.88258512602053,210.71141546378874,211.35527186274084,93728300
2024-06-18,212.26658630371094,216.5656178731208,210.98877362098574,215.5354294813442,79943300
2024-06-20,207.70010375976562,212.21705896960654,206.87795427864972,211.90997342693947,86172500
2024-06-21,205.53082275390625,209.8892705909824,205.15440599094305,208.40343403997312,241805100
2024-06-24,206.17465209960938,210.69159220230495,204.63928484253907,205.75861973380415,80727000
2024-06-25,207.0959014892578,209.3840873125504,206.64023830581658,207.1751328027417,55549700
2024-06-26,211.23641967773438,212.83121810497767,208.6510635966682,209.5029437835443,66213200
2024-06-27,212.07839965820312,213.70291360533915,210.34492376459474,212.66282504623206,49772700
2024-06-28,208.63124084472656,214.0297919592074,208.31427026634478,213.7326216506115,82542700
2024-07-01,214.703369140625,215.4561875080808,209.91897391071575,210.0873668962765,60402900
2024-07-02,218.1901397705078,218.29910171758146,213.068958487467,214.10903193760322,58046200
2024-07-03,219.4580535888672,219.4580535888672,216.9618440422543,217.92268618597842,37369800
2024-07-05,224.2028045654297,224.3117665065084,219.55708698216947,219.55708698216947,60412400
2024-07-08,225.66883850097656,225.69855401964364,221.14198303770854,224.94572057418634,59085900
2024-07-09,226.52072143554688,227.23392416937492,224.23253562897796,225.77780318070188,48076100
2024-07-10,230.7801055908203,230.8791673967792,227.0853299721382,227.13486087511765,62627700
2024-07-11,225.42120361328125,230.19568345608255,223.63819688403007,229.2051258414663,64710600
2024-07-12,228.3631591796875,230.44333633793113,226.52072130415218,226.75846058686048,53046500
2024-07-15,232.1867218017578,234.99000194235262,230.88909361652622,234.2470836578572,62631300
2024-07-16,232.60275268554688,234.03905824310993,230.1362587163494,232.781045805997,43234300
2024-07-17,226.7188262939453,229.27446669281912,224.49997184852458,227.28343626123907,57345900
2024-07-18,222.06321716308594,228.26411801705945,220.17126344980832,228.10562515807683,66034600
2024-07-19,222.19200134277344,224.65849552449666,221.1717280930588,222.6971954569991,49151500
2024-07-22,221.84530639648438,225.62922890399747,220.98351093014816,224.86649525231948,48201800
2024-07-23,222.88534545898438,224.7971293607533,220.57734458918785,222.25138924131514,39960300
2024-07-24,216.4764404296875,222.67734036905603,215.07976577070053,221.88489130573666,61777600
2024-07-25,215.43638610839844,218.76466037633443,212.59347540961954,216.86277641061952,51391200
2024-07-26,215.90196228027344,217.41751434744816,213.97036267942912,216.6349653026102,41601300
2024-07-29,216.1793212890625,217.2293100492215,213.71282713597697,214.91140862229943,36311800
2024-07-30,216.7340087890625,218.24956072806748,214.07930652606245,217.1203256536185,41643800
2024-07-31,219.98304748535156,221.70662325926872,218.54674189777583,219.34909118598728,50036300
2024-08-01,216.2981719970703,222.36038006072013,214.97082835556836,222.25141811315143,62501000
2024-08-02,217.7840118408203,223.46981835778237,215.6543188775265,217.0807092384795,105568600
2024-08-05,207.29400634765625,211.4840610296135,194.14930192882554,197.21012147966275,119548600
2024-08-06,205.2732696533203,208.00721860156926,199.17144565753833,203.36150053141452,69660500
2024-08-07,207.8388214111328,211.62274392073394,204.4412006806638,204.94637966039352,63516400
2024-08-08,211.29583740234375,212.1774330540979,206.85814362500793,211.0977289070064,47161100
2024-08-09,214.1981964111328,214.7330909034816,209.96851092003678,210.09728825409005,42201600
2024-08-12,215.7254180908203,217.68898821235913,213.81143620679725,214.27753840147545,38028100
2024-08-13,219.4343719482422,220.04922365215182,217.19311098226797,217.19311098226797,44155300
2024-08-14,219.88067626953125,221.1798064675701,217.87742936780526,218.74022238953546,41960600
2024-08-15,222.85577392578125,223.48055242779947,220.9120269929499,222.73677426147512,46414000
2024-08-16,224.17474365234375,224.94827173921567,221.7946444270254,222.0624088054674,44340200
2024-08-19,224.01605224609375,224.11522871504155,221.18968933533225,223.84746435464618,40687800
2024-08-20,224.63088989257812,225.28541822928474,223.57968596937246,223.8970385443346,30299000
2024-08-21,224.52182006835938,226.08871448701353,223.1830285060583,224.64083485973637,34765500
2024-08-22,222.66737365722656,226.44576476142115,222.0425950823824,225.9003243494308,43695300
2024-08-23,224.9581756591797,226.32673228874265,222.46900358067504,223.78797197411373,38677300
2024-08-26,225.29534912109375,225.39452559231563,222.0326490158817,224.87883517993083,30602200
2024-08-27,226.13827514648438,226.95147973754254,223.0243250094966,224.12511711921985,35934600
2024-08-28,224.61106872558594,227.95310672511408,223.8077756875659,226.0291983356657,38052200
2024-08-29,227.88369750976562,230.98773644426686,226.98125820388418,228.19113851748892,51906300
2024-08-30,227.1002655029297,228.4886453526855,225.59287085733376,228.28039594132485,52990800
2024-09-03,220.92193603515625,227.10024860517055,219.33520335446548,226.65398476754012,50190600
2024-09-04,219.01788330078125,219.94016096302124,215.67582978550038,219.82116129878526,43840200
2024-09-05,220.53517150878906,223.60944526365165,219.6823053430495,219.79139340374425,36615400
2024-09-06,218.98814392089844,223.3714749735505,217.94685141211724,222.09216799264019,48423000
2024-09-09,219.07736206054688,219.43437615112032,214.91220775865924,218.9881123209545,67180000
2024-09-10,218.2840118408203,219.6426417511051,214.9320468059923,217.10388142289187,51591000
2024-09-11,220.8128662109375,221.2392917639212,216.08243282408242,219.6228241682371,44587100
2024-09-12,220.92193603515625,221.69546405563682,217.99641184157417,220.65417167969628,37455600
2024-09-13,220.65419006347656,222.18140791181287,220.06908820245332,221.72523244234597,36766600
2024-09-16,214.52545166015625,215.41797935337752,212.14535259122513,214.7436126542421,59357400
2024-09-17,214.99154663085938,215.1006346980314,212.72055067344832,213.96018092212807,45519300
2024-09-18,218.85922241210938,220.86246931704028,215.73534481599032,215.74527154351298,59894900
2024-09-19,226.97132873535156,227.91345980340301,222.7665127356472,223.12352684243388,66781300
2024-09-20,226.30690002441406,231.15633305592988,225.7317097608303,228.06222073119503,318679900
2024-09-23,224.5912322998047,227.54650632766106,223.93670395169437,225.45401003818398,54146000
2024-09-24,225.48379516601562,227.44738051700955,223.85740076750545,226.75317542181838,43556100
2024-09-25,224.4920654296875,225.40443143928672,222.16156973744518,223.06400902085235,42308700
2024-09-26,225.63253784179688,226.60440369502516,223.54004142995942,225.41436171300208,36636700
2024-09-27,225.90029907226562,227.6159582791164,225.41437368594384,226.56475422029098,34026000
2024-09-30,231.06707763671875,231.06707763671875,227.74486252768645,228.13162655878588,54541900
2024-10-01,224.3334197998047,227.74486962890148,221.88390914906273,227.6159583693189,63285000
2024-10-02,224.898681640625,225.48378349827837,221.16987922367838,224.0160654907427,32880600
2024-10-03,223.79788208007812,224.928424248049,221.46738631978812,223.27228007150777,34044200
2024-10-04,224.9185333251953,226.10857543260985,222.27068471823083,226.00939895190598,37245100
2024-10-07,219.8509063720703,223.81772316941647,219.49389225502094,222.63759275105315,39505400
2024-10-08,223.89707946777344,224.10532889247753,221.39798044587943,222.43927296601913,31855700
2024-10-09,227.63577270507812,227.84403724277382,222.96485445261254,223.36153007501719,33591100
2024-10-10,227.13995361328125,227.59614426431338,225.28547135417463,225.89041160216982,28183500
2024-10-11,225.6623077392578,227.5068782710055,225.45404318616428,227.39779019694814,31759200
2024-10-14,229.3811798095703,229.8076053434174,226.70358155060512,226.80274288926017,39882100
2024-10-15,231.9100341796875,235.51983687729248,230.44230106244424,231.67201972311165,64751400
2024-10-16,229.85719299316406,230.19436878170097,227.93328446814013,229.67869350471682,34082200
2024-10-17,230.22412109375,231.91003031839952,228.60765355789445,231.49350124327563,32993800
2024-10-18,233.0504913330078,234.2206950473064,232.0686987091599,234.2206950473064,46431500
2024-10-21,234.5181884765625,234.8851292946414,232.5050303027995,232.5050303027995,36254500
2024-10-22,233.9033660888672,234.2603802258017,230.67041566655348,231.94970749678197,38846600
2024-10-23,228.8456573486328,233.18932661738793,225.87054472777703,232.13812257917175,52287000
2024-10-24,228.65725708007812,228.9051831435476,226.51517225997247,228.0721400698136,31109500
2024-10-25,229.49026489257812,231.28524701350278,227.665532857223,227.83412074973037,38802300
2024-10-28,231.46376037597656,232.78272881287972,230.62082086290692,231.38443735420992,36087100
2024-10-29,231.7315216064453,232.38605001867157,230.3927299983884,231.1662580738538,35417200
2024-10-30,228.19113159179688,231.53316974412917,227.64569128136466,230.68030356750913,47070900
2024-10-31,224.03591918945312,227.92339818004348,223.50039040024254,227.43745763164222,64370100
2024-11-01,221.06077575683594,223.4805363045207,218.44267740554844,219.1368672842602,65276700
2024-11-04,220.1682586669922,220.94178678396568,217.88735096075072,219.1567312107691,44944500
2024-11-05,221.5962677001953,222.0921197268828,219.30543375805163,219.9599620650078,28111300
2024-11-06,220.8723602294922,224.19457534628128,219.35505401685137,220.76327216240406,54561100
2024-11-07,225.59288024902344,225.9895710313294,222.70703236030374,222.7665321945981,42137700
2024-11-08,225.3248291015625,227.01257809039103,224.77878865400953,225.53330763226646,38328800
2024-11-11,222.61448669433594,224.07389700260043,219.90415975706793,223.3789433198207,42005600
2024-11-12,222.61448669433594,223.96468891324545,221.75075962779928,222.93218846295187,40398300
2024-11-13,223.4980926513672,225.01706838141624,221.1550949323282,222.3960891659536,48566200
2024-11-14,226.5757598876953,227.22107081675753,223.37895759377815,223.39881774279925,44923900
2024-11-15,223.37893676757812,225.28510187679902,222.65420045885568,224.76884409236825,47923700
2024-11-18,226.37718200683594,228.08479108540536,223.54770942404784,223.62713486361545,44633700
2024-11-19,226.6352996826172,228.50175961033486,225.02697621656037,225.34466282087314,36211800
2024-11-20,227.35012817382812,228.27342054954684,224.26253412411586,226.41689814964724,35169600
2024-11-21,226.8735809326172,228.50176458087773,224.0838286281757,227.230987838277,42108300
2024-11-22,228.21385192871094,229.05773399756174,226.41689485035167,226.41689485035167,38168300
2024-11-25,231.19223022460938,231.5694972757357,228.08479132337303,229.79240040372403,90152800
2024-11-26,233.36643981933594,233.8727750720934,231.64890834638587,231.64890834638587,45986200
2024-11-27,233.2373809814453,233.99191506726265,232.12545514826604,232.78070364946953,33498400
2024-11-29,235.62010192871094,236.0966394139658,232.28430923421996,233.11825362062933,28481400
2024-12-02,237.8638153076172,239.0551666028684,235.45133007089746,235.5605381566453,48137100
2024-12-03,240.90176391601562,241.01097200063165,237.17878168890522,238.08222901174219,38861000
2024-12-04,241.25917053222656,242.35125137710352,239.51185632927692,241.12017980186528,44383900
2024-12-05,241.28895568847656,242.77814859306412,240.38552350615552,242.2321233137982,40033900
2024-12-06,241.0903778076172,242.86748966267425,240.33585892461636,241.1598807416467,36870600
2024-12-09,244.97222900390625,245.45870413211114,240.0082527322972,240.08767817050534,44649200
2024-12-10,245.9849090576172,246.4217414371147,243.57240847043047,245.11124429862218,36914800
2024-12-11,244.714111328125,248.9930565140259,244.48575750906295,246.17352158557497,45205800
2024-12-12,246.17352294921875,246.9479020514793,243.9099357862414,245.11122473397327,32777500
2024-12-13,246.34231567382812,247.4939467696469,244.46593306347833,246.03455153835694,33155300
2024-12-16,249.2313232421875,249.56888515433104,245.86574781090837,246.2033097230519,51694800
2024-12-17,251.6537322998047,252.0012166921119,247.98039295462073,248.2782345553336,51356400
2024-12-18,246.2628936767578,252.44800456803839,245.9551295369763,250.343283238806,56774100
2024-12-19,247.99032592773438,250.184410158509,245.3097817058068,245.71683140567848,60882300
2024-12-20,252.65647888183594,253.16279902630112,243.919877297432,246.2529371403228,147495300
2024-12-23,253.4308319091797,253.8080837794399,251.6239373953799,252.9344343151273,40858800
2024-12-24,256.3397216796875,256.34962902881983,253.45066898797964,253.64924013847912,23234700
2024-12-26,257.15380859375,258.2260444048055,255.77383898408218,256.32980188696064,27237100
2024-12-27,253.74853515625,256.836144148833,251.2367643772991,255.97238682838486,42355300
2024-12-30,250.3829345703125,251.67357129905236,248.94338462815534,250.41271721299594,35557500
2024-12-31,248.6157989501953,251.4551941340452,247.63292614272083,250.6212497119267,39480700
2025-01-02,242.0931396484375,247.3053149666319,240.07776640397734,247.1365264348607,55740700
2025-01-03,241.60667419433594,242.42075849453866,240.147263834766,241.60667419433594,40244100
2025-01-06,243.23484802246094,245.54806288478193,241.4478134561986,242.5498168429892,45045600
2025-01-07,240.46495056152344,243.78088314896328,239.61114601786818,241.22939201717418,40856000
2025-01-08,240.95138549804688,241.95411831821167,238.32048434869313,240.17700647488417,37628900
2025-01-10,235.1435546875,238.42970445265777,231.32128701842691,238.28077607985776,61710900
2025-01-13,232.71121215820312,232.9792711307645,228.06493742769467,231.84748509521594,49630700
2025-01-14,231.59930419921875,234.41883943252472,230.79514236813586,233.05871461446375,39435300
2025-01-15,236.15621948242188,237.2383779015073,232.74100113522098,232.94949481929564,39832000
2025-01-16,226.61544799804688,236.29520209930612,226.3871093224655,235.6399687194268,71759100
2025-01-17,228.32305908203125,230.6164138035219,226.833866130533,230.44764042021458,68488300
2025-01-21,221.0359344482422,222.8031087860845,217.79942737812888,222.38613659782595,98070400
2025-01-22,222.21734619140625,222.50525012711904,218.20644519467228,218.20644519467228,64126500
2025-01-23,222.04861450195312,225.3943300272927,220.69841220245485,223.12083531174778,60234800
2025-01-24,221.1749267578125,224.00439930767484,219.81480209957203,223.160517277336,54697900
2025-01-27,228.2039031982422,230.4773975200278,222.36626262781007,222.40598291880553,94863400
2025-01-28,236.5433807373047,238.4594833656038,229.14705946957608,229.1867797612423,75707600
2025-01-29,237.63548278808594,238.13188043636077,232.32402189200354,232.43322998057818,45486100
2025-01-30,235.8782501220703,239.0551923005359,235.50099817981376,236.9504709477128,55658300
2025-01-31,234.2996826171875,245.40906406001392,231.75812916176676,245.40906406001392,100959800
2025-02-03,226.36724853515625,230.15973381299622,224.0738938399255,228.33299411580026,73063300
2025-02-04,231.1227569580078,231.45038123633566,225.01705656002386,225.61273982041166,45067300
2025-02-05,230.79510498046875,230.99366099381652,226.62536810475493,226.88348940722173,39620300
2025-02-06,231.53970336914062,232.11552641696264,228.76979621063217,229.62360070928509,29925300
2025-02-07,225.98997497558594,232.3140755170278,225.6226304523949,230.92416830424466,39707200
2025-02-10,226.25833129882812,229.1803610121675,225.81108525741098,228.16660736242451,33115600
2025-02-11,231.1979217529297,233.79196667406026,226.7353801285285,226.80494431220234,53718400
2025-02-12,235.42198181152344,235.5114431570428,229.2698195612854,229.7866449882993,45243300
2025-02-13,240.05348205566406,240.85852795215618,234.1299251101732,235.4617298072221,53614100
2025-02-14,243.104736328125,244.0489258287467,239.5168040933544,239.77520922194773,40896200
2025-02-18,242.9755401611328,243.68119139214684,240.36161266967392,242.65748906255496,48822500
2025-02-19,243.373046875,244.50607717853558,241.67350900245088,243.16433914739287,32204200
2025-02-20,244.3271942138672,245.27138364211797,242.7966000469895,243.4426355672204,32316900
2025-02-21,244.04891967773438,247.16972378813352,243.72093519653038,244.44646835255205,53197400
2025-02-24,245.58944702148438,247.33868242018207,242.92582237394555,243.43269920852308,51326400
2025-02-25,245.52980041503906,248.47171215983582,243.41283173998391,246.48393846255715,48013300
2025-02-26,238.89064025878906,243.48239258336395,237.66816369812489,242.83637220684057,44433600
2025-02-27,235.84933471679688,240.97779411500133,235.61079643123784,237.94643641845556,41153600
2025-02-28,240.361572265625,240.61004395755495,228.79273089598732,235.50146657809572,56833400
2025-03-03,236.5748748779297,242.5381957053339,234.66661403302143,240.31188380351972,47184000
2025-03-04,234.48773193359375,238.60243830930253,233.24537329325,236.2568645897131,53798100
2025-03-05,234.29888916015625,235.1039350742086,227.82867612475383,233.98083809185871,47227600
2025-03-06,233.8914031982422,236.4059358119138,231.73467047090975,233.00684447444675,45170400
2025-03-07,237.60853576660156,239.89446338205195,233.32487071745646,233.67273718007357,46273600
2025-03-10,226.08935546875,234.71630041445476,222.84929009717774,234.10008031193473,72071200
2025-03-11,219.48995971679688,224.4593937721428,216.1206840338927,222.4418047589131,76137400
2025-03-12,215.653564453125,220.39440897367027,213.5962265598192,218.7942505386503,62547500
2025-03-13,208.398193359375,215.51442704761877,207.14590135231947,214.62986833256545,61368300
2025-03-14,212.18490600585938,212.64208545758027,208.2988048386841,209.9585940343847,60107600
2025-03-17,212.69178771972656,213.9043309003415,208.68642489319868,212.00600336087763,48073400
2025-03-18,211.38980102539062,213.83475423543342,210.19713981325924,212.85081593904235,42432400
2025-03-19,213.9241943359375,217.42266485537363,212.44329758558237,212.91042558181826,54385400
2025-03-20,212.7911834716797,216.16045933121794,210.92267131595005,212.6818553101102,48862900
2025-03-21,216.93568420410156,217.5021918152461,209.9884097524224,210.26669685360034,94127800
2025-03-24,219.38064575195312,220.1260609084734,217.24379503613238,219.64899945464327,44299500
2025-03-25,222.38217163085938,222.7300380772677,218.73460889257407,219.42039321145907,34493600
2025-03-26,220.1757354736328,223.64440576884627,219.12221792138408,222.1436270366165,34466100
2025-03-27,222.4815673828125,223.61459773398053,219.21167130142226,220.03659916949772,37094800
2025-03-28,216.5679168701172,222.44179120535847,216.34926057176412,220.31487416588553,39818600
2025-03-31,220.77207946777344,224.24073468961828,214.90813825561798,215.683368745432,65299300
2025-04-01,221.82557678222656,222.31257156321558,217.56179431227562,218.46623485626614,36412700
2025-04-02,222.5213165283203,223.8133724100327,219.66886624627372,219.9670353213626,35905900
2025-04-03,201.9478759765625,206.22159255986557,200.01973301812973,204.2835010267849,103419000
2025-04-04,187.2283935546875,198.65809134675584,186.19474282689396,192.70470416765195,125910900
2025-04-07,180.3507080078125,192.96311894309866,173.55251067175698,176.11674047268428,160466300
2025-04-08,171.365966796875,189.17641711488596,168.175598539417,185.55866963100107,120859500
2025-04-09,197.6343994140625,199.38363475051753,170.83920418374143,170.89883496621582,184395900
2025-04-10,189.2559356689453,193.5892830219747,181.88129692496375,187.9141974958541,121880000
2025-04-11,196.93865966796875,198.32016168749274,184.92257212057936,184.96233608452022,87435900
2025-04-14,201.281982421875,211.63828226401768,199.93029560984905,210.14745189040866,101352900
2025-04-15,200.90428161621094,202.26590170954893,198.57859009217825,200.6259945192588,51343900
2025-04-16,193.0823974609375,199.47308245703653,191.19400339685228,197.1473909296092,59732400
2025-04-17,195.77581787109375,197.61451451967758,193.2314700862815,195.99447418061752,52164700
2025-04-21,191.97918701171875,192.6152739871965,188.64966000796989,192.08851517151226,46742500
2025-04-22,198.5189666748047,200.3576482646354,194.77200897005906,194.92108593270402,52976400
2025-04-23,203.34925842285156,206.72846769395255,201.56025903470575,204.7406939661261,52929200
2025-04-24,207.09620666503906,207.5534013078127,201.69940812530302,203.6374845300284,47311000
2025-04-25,208.00062561035156,208.46775361357263,204.9394524859384,205.10841141990002,38222300
2025-04-28,208.85536193847656,210.2070485309222,206.19175271644127,208.71621839949725,38743100
2025-04-29,209.91885375976562,210.94255602883885,207.096203506044,207.41425458581946,36827600
2025-04-30,211.20094299316406,212.2743425468257,205.40658118436113,208.02050829648644,52286500
2025-05-01,212.01596069335938,213.2483707428857,207.62296725165953,207.80187477964563,57365700
2025-05-02,204.09466552734375,205.72463931330321,200.92416412992952,204.83013207172814,101010600
2025-05-05,197.6741485595703,202.85230555244996,196.99831280299983,201.85841873478097,69018500
2025-05-06,197.29647827148438,199.42339557924856,195.81559653234874,196.99832434112832,51216500
2025-05-07,195.05027770996094,198.22077891807172,192.0686174137577,197.95242524507105,68536700
2025-05-08,196.28271484375,198.82706269335065,193.48988012199126,196.51130456752412,50478900
2025-05-09,197.3163604736328,199.3140676367793,196.33240700583877,197.78348851905432,36453900
2025-05-12,209.776123046875,210.2538252478288,205.75556156059073,209.95526516858178,63775800
2025-05-13,211.9058380126953,212.3735786127325,207.99474788922345,209.4178625594749,51909300
2025-05-14,211.3087158203125,212.9109724892217,209.56713314477625,211.40822571910564,49325800
2025-05-15,210.4329376220703,211.9356843489774,208.5321209406448,209.9353425862246,45029500
2025-05-16,210.24386596679688,211.54757782116647,208.7610423595207,211.33858120774948,54737900
2025-05-19,207.7758026123047,208.47243269467637,203.2775387890809,206.90999202317107,46140500
2025-05-20,205.86502075195312,207.46727738969238,204.04382108157407,206.6711222878563,42496600
2025-05-21,201.11798095703125,206.04416933851562,199.74462882701684,204.1831685508297,59211800
2025-05-22,200.39149475097656,201.77480849030061,198.7394754118135,199.7446272097534,46742400
2025-05-23,194.33078002929688,196.74908474491085,192.52948833207407,192.73846975457602,78432900
2025-05-27,199.2470245361328,199.77447409530296,196.48038197740732,197.34620772495165,56288500
2025-05-28,199.45602416992188,201.75491117265972,198.93852099816252,199.6252046868552,45339700
2025-05-29,198.98826599121094,202.8297005493605,197.55518975609246,202.60081106845576,51396800
2025-05-30,199.8839569091797,200.98861863398105,195.8335255231089,198.41106448584634,70819900
2025-06-02,200.72987365722656,201.15781336810346,199.1574712143689,199.31670530145792,35423300
2025-06-03,202.29229736328125,202.78989241693247,199.99341064507593,200.38153417950807,46381600
2025-06-04,201.844482421875,205.24803106286797,201.12794426741362,201.93404589483336,43604000
2025-06-05,199.6649932861328,203.765171611367,199.1872911078447,202.521183994692,55126100
2025-06-06,202.93917846679688,204.7106157617459,201.07817770068002,202.0236053289331,46607700
2025-06-09,200.48104858398438,205.0091667110405,199.05793398755327,203.4069099948636,72862600
2025-06-10,201.69517517089844,203.36710243054736,199.60528507808198,199.63513956616538,54672600
2025-06-11,197.8238983154297,203.51638723180633,197.45568281643992,202.5211970741936,60989900
2025-06-12,198.24188232421875,198.71956936233477,196.4107360236097,198.12246436103902,43904600
2025-06-13,195.50511169433594,199.40625545491926,194.7587190445596,198.769334334526,51447300
2025-06-16,197.4656219482422,197.73432753277095,195.61456771612566,196.35101387226533,43020700
2025-06-17,194.69900512695312,197.4357781067605,194.27108064091922,196.25149936947125,38856200
2025-06-18,195.6344757080078,196.6197193940347,194.13174409281177,194.9975546383106,45394700
2025-06-20,200.03323364257812,200.72986375748766,195.9131467510872,197.28651411005004,96813500
2025-06-23,200.53082275390625,201.3269779408771,198.00304635957568,200.6602023375907,55814300
2025-06-24,199.3365936279297,202.46149014710028,199.23706853700068,201.61557243039425,54064000
2025-06-25,200.59051513671875,202.6903668657116,199.65503400834336,200.4810436177515,39525700
2025-06-26,200.03323364257812,201.66534499125092,198.5006473897771,200.461158146952,50799100
2025-06-27,200.11285400390625,202.24256049649406,199.03804672932017,200.91895566349635,73188600
2025-06-30,204.18316650390625,206.39248990855162,198.3015889216639,201.03836190454115,91912800
2025-07-01,206.82041931152344,209.17901505124104,205.1484920031366,205.6759415551798,78788900
2025-07-02,211.418212890625,212.31387801499196,207.13889190503232,207.90519262679368,67941800
2025-07-03,212.52285766601562,213.61755770997246,210.7912213537831,211.12958235725722,34955800
2025-07-07,208.94017028808594,215.18996325511674,207.79570768244494,211.65703516300363,50229000
2025-07-08,208.9998779296875,210.41304612040562,207.4473837253886,209.08945658408672,42848900
2025-07-09,210.1244354248047,210.3135239719546,206.22329208627588,208.52217876921287,48749400
2025-07-10,211.3883514404297,212.45319704499605,209.0197939340788,209.49748097232364,44443600
2025-07-11,210.14434814453125,211.1096837700706,208.85059795908091,209.55718962168862,39765800
2025-07-14,207.6165771484375,209.89557123752414,206.54176989733165,208.92027389637033,38840100
2025-07-15,208.10423278808594,210.8708604550018,207.915144211828,208.2137043224775,42296300
2025-07-16,209.149169921875,211.37838618562168,207.63647661047767,209.28849593835915,47490500
2025-07-17,209.00985717773438,210.78129457926272,208.5819174807461,209.55721484346458,48068100
2025-07-18,210.16424560546875,210.77131219576944,208.69136845628208,209.85573909301036,48974600
2025-07-21,211.45799255371094,214.74212298846783,210.61209006251647,211.07983063398711,51377400
2025-07-22,213.36875915527344,213.91611676733493,211.20919838168209,212.1148250502387,46404100
2025-07-23,213.11996459960938,214.11515474984876,211.38834345684663,213.96588230147148,46989300
2025-07-24,212.73184204101562,214.65256693634578,212.50295255730364,212.87116805528336,46022600
2025-07-25,212.8512725830078,214.2047317845148,212.37357038101962,213.6673206036272,40268800
2025-07-28,213.0204620361328,213.81661722083774,212.03521828670327,213.00055398053098,37858000
2025-07-29,210.2538299560547,213.7767964509494,209.80599741985404,213.14982178903043,51411700
2025-07-30,208.04449462890625,211.36842593737322,206.72088996610802,210.88077731884883,45512500
2025-07-31,206.57164001464844,208.83071086700429,206.1636083824018,207.4872131893059,80698400
2025-08-01,201.40660095214844,212.5527283441607,200.530828701964,209.8557561748323,104434500
2025-08-04,202.37193298339844,206.88014336875773,200.70995198839026,203.52634207300898,75109300
2025-08-05,201.9439697265625,204.35232790405936,201.18763073057525,202.42165671427045,44155100
2025-08-06,212.2242889404297,214.3440487139093,204.60112912578842,204.64094523363173,108483100
2025-08-07,218.97171020507812,219.78777350172422,215.53830686848738,217.82724748801394,90224800
2025-08-08,228.2468719482422,229.88892965735022,218.19544514014734,219.76784743364436,113854000
2025-08-11,226.3438720703125,228.71511750604432,223.9327805410339,227.08115402328403,61806100
2025-08-12,228.80479431152344,229.95057099439725,226.23430307406312,227.17083074525974,55626200
2025-08-13,232.47125244140625,234.1351043372746,229.58191650034667,230.2195756343437,69878500
2025-08-14,231.92327880859375,234.25466305951576,230.0003892485326,233.1985666998313,51916300
2025-08-15,230.7376708984375,233.41777326838445,228.4959516198378,233.13880497436926,56038700
2025-08-18,230.0402374267578,232.26202593201924,229.26310933608104,230.8472538899505,37476200
2025-08-19,229.71145629882812,232.0129522601839,228.50591803460907,230.42880766374827,39402600
2025-08-20,225.1781768798828,229.6217687789582,224.93906991665554,229.1335667246527,42263900
2025-08-21,224.07228088378906,225.68632903786573,222.9564077521854,225.43724912794482,30621200
2025-08-22,226.92176818847656,228.24687520672327,224.58042602754637,225.3376235225593,42477800
2025-08-25,226.323974609375,228.45609804536198,225.3973894325087,225.6464693442017,30983100
2025-08-26,228.46603393554688,228.64537936019502,223.8630424721864,226.03501179732243,54575100
2025-08-27,229.6417236328125,230.05020313892598,227.41991984776428,227.7686378094015,31259500
2025-08-28,231.70408630371094,232.55096405412047,228.4959359400532,229.9704999102399,38074700
2025-08-29,231.28562927246094,232.52107103838586,230.51845893056873,231.65426265633033,39418400
2025-09-02,228.87454223632812,230.00038826150748,226.1346633063032,228.4062708029861,44075600
2025-09-03,237.5923309326172,237.9709372370204,233.49745685978084,236.33697373754433,66427800
2025-09-04,238.8975067138672,239.0170601981439,235.8687018920251,237.57239985348932,47549400
2025-09-05,238.80784606933594,240.43185187342493,237.61226559630578,239.1167027112504,54870400
2025-09-08,237.0045166015625,239.2661511981365,235.47017586985078,238.41928864081726,48999500
2025-09-09,233.4875030517578,237.90119155812317,232.5011411802574,236.12774389612645,66313900
2025-09-10,225.95530700683594,231.56459101144756,225.11840222253522,231.3354417686907,83440800
2025-09-11,229.18341064453125,229.60186307827533,225.81584532196928,226.04500979013486,50208600
2025-09-12,233.2085418701172,233.6469097348115,228.17712472443904,228.37638560886936,55824200
2025-09-15,235.82884216308594,237.31336381412066,234.16499028444412,236.1277410783948,42699500
2025-09-16,237.2735137939453,240.33222235518573,235.45026224943368,236.30708253667353,63421100
2025-09-17,238.1104278564453,239.21634322602875,236.85505542454314,238.09049720761,46508000
2025-09-18,237.0045166015625,240.31228984200703,235.77903252032195,239.08682096339746,44249600
2025-09-19,244.59646606445312,245.3935247988757,239.32594197772087,240.34217704154452,163741300
2025-09-22,255.13751220703125,255.69547916115815,247.2068166293636,247.38616206443075,105517400
2025-09-23,253.49359130859375,256.3928850249964,252.64672876089196,254.9382669065294,60275200
2025-09-24,251.38140869140625,254.79879299943292,250.11607847800005,254.2807025242173,42303700
2025-09-25,255.9246063232422,256.22352044118514,250.7836088309123,252.27808820484515,55202100
2025-09-26,254.5198211669922,256.65194458214916,252.84599627139946,253.1648258525147,46076300
2025-09-29,253.49359130859375,254.06150078407975,252.07881928540593,253.62311772285494,40127700
2025-09-30,253.69288635253906,254.9781320575181,252.17847617402816,253.92203562343897,37704300
2025-10-01,254.5098419189453,257.83756097799323,253.9917514638179,254.10134722927504,48713900
2025-10-02,256.1836242675781,257.22974752480764,253.21458136967644,255.63563032858355,42630200
2025-10-03,257.07037353515625,258.2858846694617,253.01536064819075,253.73271197999827,49155600
2025-10-06,255.74530029296875,258.1165459888059,254.11133663097664,257.0405037108186,44664100
2025-10-07,255.5360870361328,256.4526841311554,254.48993311029045,255.86485915808862,31955800
2025-10-08,257.1102294921875,257.56852798749276,255.16739414069707,255.5758888188916,36496900
2025-10-09,253.1050262451172,257.0504585775582,252.2083446799687,256.8611554198282,38322000
2025-10-10,244.3673095703125,255.436420799504,243.10197943699816,254.00171816056968,61999100
2025-10-13,246.74851989746094,248.7710475029622,244.6562426215344,248.46219085423505,38142900
2025-10-14,246.8581085205078,247.93413549962378,243.79940008876653,245.69241642712313,35478000
2025-10-15,248.42233276367188,250.89321639065437,246.559219921403,248.57178982967116,33893600
2025-10-16,246.53929138183594,248.1234359576197,244.22783772705108,247.33635013275978,39777000
2025-10-17,251.36148071289062,252.4474806979352,246.3599669580113,247.1072067041429,49147000
2025-10-20,261.27484130859375,263.4069798400544,254.68918336894043,254.94822099113512,90483000
2025-10-21,261.8028869628906,264.3136317818121,260.86634411857244,260.9161783410852,46695900
2025-10-22,257.49884033203125,261.882640960004,254.48993535873984,261.68336485657886,45015300
2025-10-23,258.6246337890625,259.6608147081683,257.0604350924048,258.98332466328685,32754900
2025-10-24,261.85272216796875,263.15789839957887,258.22610426270086,260.2287163700197,38253700
2025-10-27,267.8206787109375,268.1295353654346,263.67598537979285,263.90514984178776,44888200
2025-10-28,268.00994873046875,268.896687690681,267.16307106420925,267.9999758056659,41534800
2025-10-29,268.7073974609375,270.4110953948544,266.1269030442272,268.28892986747474,51086700
2025-10-30,270.4011535644531,273.131090148023,267.49191714200913,270.98897852374654,69886500
2025-10-31,269.37493896484375,276.29937269597025,268.16940070155243,275.9705701844509,86167100
2025-11-03,268.0597839355469,269.8531775103368,265.2701011373342,269.42476736726525,50194600
2025-11-04,269.0461730957031,270.49081837885313,266.6350661079627,267.3424445625432,49274800
2025-11-05,269.14581298828125,270.7000692568828,265.94760492323326,267.6214146886098,43683100
2025-11-06,268.7771301269531,272.3937751745226,266.90407480138714,266.90407480138714,51204000
2025-11-07,267.4819030761719,271.28785094446636,265.78814772800683,268.8069946610708,48227400
2025-11-10,268.6985778808594,272.98692304032335,266.733924572705,268.2298525605972,41312400
2025-11-11,274.5028076171875,275.16101963639426,269.0675899882029,269.07757258136417,46208300
2025-11-12,272.7276611328125,274.9815360542478,270.9624767916609,274.2535066981436,48398000
2025-11-13,272.2090759277344,275.9488963676571,271.3513946141157,273.36590026791555,49602800
2025-11-14,271.6705322265625,275.21088338895913,268.8681625557137,270.31420819279356,47431300
2025-11-17,266.7339782714844,269.75575219797963,265.00869378967747,268.0903024129557,45018300
2025-11-18,266.7139892578125,269.97510130800674,264.59974924229334,269.25705465795,45677300
2025-11-19,267.83099365234375,271.47107967039307,264.77930243197466,264.80921977983166,40424500
2025-11-20,265.5272521972656,274.68232536305425,265.1981613886433,270.09480618650156,45823600
2025-11-21,270.75299072265625,272.5879921198442,264.9488130991126,265.2280517805383,59030800
2025-11-24,275.1710205078125,276.24807542504453,270.164627965921,270.164627965921,65585800
2025-11-25,276.2181701660156,279.6189174225992,274.50283786370125,274.52277261748515,46914200
2025-11-26,276.79656982421875,278.7712060098946,275.8790842359358,276.2081750495132,33431400
2025-11-28,278.0930480957031,278.242634823177,275.2407959413455,276.50736791500816,20135600
2025-12-01,282.3315124511719,282.65065109438723,275.3904143522869,277.2553332443013,46587700
2025-12-02,285.4131164550781,286.619823290159,281.86278279875575,282.231773534172,53669500
2025-12-03,283.3786315917969,287.8364984098337,282.5309329409685,285.4230848596457,43538700
2025-12-04,279.9380187988281,283.95707766942763,277.83373081751637,283.3287830094401,43989100
2025-12-05,278.0232238769531,280.37683325787106,277.2951945750906,279.77845592816414,47265800
2025-12-08,277.13568115234375,278.91084811822003,275.4003836933047,277.37501993231956,38211800
2025-12-09,276.4275817871094,279.2698514894354,276.16830825817004,277.40493251311347,32193300
2025-12-10,278.0232238769531,278.9905919368044,275.68957968235776,276.9960211276047,33038300
2025-12-11,277.2752685546875,278.8310314000742,273.0667227973629,278.34237127554803,33248000
2025-12-12,277.52459716796875,278.4620479370953,276.0685689150702,277.14562382282355,39532900
2025-12-15,273.3658752441406,279.3894873363706,272.0993337942639,279.3894873363706,50409100
2025-12-16,273.8645324707031,274.752131096348,271.0522107383373,272.07941349564567,37648600
2025-12-17,271.1020812988281,275.41036187784255,270.9026424636208,274.2634896625032,50138700
2025-12-18,271.45111083984375,272.8872042261758,266.22534517191764,272.86723904028526,51630700
2025-12-19,272.9271545410156,273.854622814086,269.1673684747946,271.41126100078174,144632000
2025-12-22,270.23443603515625,273.13654030849926,269.7756932559407,272.1192896847017,36571800
2025-12-23,271.62066650390625,271.7603010837797,268.8282792538215,270.1048034873943,29642000
2025-12-24,273.06671142578125,274.6823088952694,271.46109654935304,271.60070067851706,17910600
2025-12-26,272.6578369140625,274.6224904749486,272.11929424741834,273.41578359787746,21521800
2025-12-29,273.0168762207031,273.61522314661676,271.6107000753325,271.9497734782625,23715200
2025-12-30,272.33868408203125,273.3359694836473,271.54086793463244,272.06942798009953,22139600
